ENERGY STAR Unique ID,Brand Name,Model Number,Additional Model Information,UPC,Height (inches),Width (inches),Depth (inches),Weight (lbs),Cooling Capacity (Btu/hr),Voltage (volts),Type,Installation Mounting Type,Support Bracket,Heating Mode,Product Class,Variable Speed Compressor,Refrigerant Type,Refrigerant with GWP,Combined Energy Efficiency Ratio (CEER),Percent Less Energy Use than US Federal Standard,Annual Energy Use (kWh/yr),Connected Capable,Date Available On Market,Date Certified,Markets,CB Model Identifier,Meets ENERGY STAR Most Efficient 2025 Criteria
3387785,Black+Decker,BD08NWES,,810064695360,13.5,18.6,19.6,44.1,8000,115,Window,Does Not Straddle Window or Windowsill,0,0,"3. Without reverse cycle, with louvered sides, and 8,000 to 13,999 Btu/h",1,R-32,R-32 (GWP:675 | Lower GWP),15.0,,400.0,0,2024-01-29,2024-01-29,"United States, Canada",ES_1126481_BD08NWES_01292024115535_80198615,0
3387786,Black+Decker,BD10NWES,,810064695377,13.5,18.6,19.6,46.1,10000,115,Window,Does Not Straddle Window or Windowsill,0,0,"3. Without reverse cycle, with louvered sides, and 8,000 to 13,999 Btu/h",1,R-32,R-32 (GWP:675 | Lower GWP),15.0,,500.0,0,2024-01-29,2024-01-29,"United States, Canada",ES_1126481_BD10NWES_01292024115535_80198615,0
3387787,Black+Decker,BD12NWES,,810064695384,14.6,19.1,21.8,50.7,12000,115,Window,Does Not Straddle Window or Windowsill,0,0,"3. Without reverse cycle, with louvered sides, and 8,000 to 13,999 Btu/h",1,R-32,R-32 (GWP:675 | Lower GWP),15.0,,600.0,0,2024-01-29,2024-01-29,"United States, Canada",ES_1126481_BD12NWES_01292024115535_80198615,0
3629713,Century,RXTS-101A,,,13.5,19.2,22.0,54.0,10000,115,Window,Straddles Window,1,0,"3. Without reverse cycle, with louvered sides, and 8,000 to 13,999 Btu/h",1,R-32,R-32 (GWP:675 | Lower GWP),15.0,,500.0,0,2024-09-26,2024-09-26,"United States, Canada",ES_0017771_RXTS-101A_09272024112716_80221244,0
3629714,Century,RXTS-121A,,,13.5,19.2,22.0,56.9,12000,115,Window,Straddles Window,1,0,"3. Without reverse cycle, with louvered sides, and 8,000 to 13,999 Btu/h",1,R-32,R-32 (GWP:675 | Lower GWP),15.0,,600.0,0,2024-09-26,2024-09-26,"United States, Canada",ES_0017771_RXTS-121A_09272024112716_80221244,0
3629712,Century,RXTS-81A,,,13.5,19.2,22.0,53.1,8000,115,Window,Straddles Window,1,0,"3. Without reverse cycle, with louvered sides, and 8,000 to 13,999 Btu/h",1,R-32,R-32 (GWP:675 | Lower GWP),15.0,,400.0,0,2024-09-26,2024-09-26,"United States, Canada",ES_0017771_RXTS-81A_09272024112716_80221244,0
2620624,Comfort Aire,RXTS-101A,,847283029157,13.5,19.2,22.0,54.0,10000,115,Window,Straddles Window,1,0,"3. Without reverse cycle, with louvered sides, and 8,000 to 13,999 Btu/h",1,R-32,R-32 (GWP:675 | Lower GWP),15.0,,500.0,0,2023-07-18,2023-07-18,"United States, Canada",ES_0017771_RXTS-101A_07272023175325_80167537,0
2620625,Comfort Aire,RXTS-121A,,847283029164,13.5,19.2,22.0,56.9,12000,115,Window,Straddles Window,1,0,"3. Without reverse cycle, with louvered sides, and 8,000 to 13,999 Btu/h",1,R-32,R-32 (GWP:675 | Lower GWP),15.0,,600.0,0,2023-07-18,2023-07-18,"United States, Canada",ES_0017771_RXTS-121A_07272023175325_80167537,0
2620623,Comfort Aire,RXTS-81A,,847283029171,13.5,19.2,22.0,53.1,8000,115,Window,Straddles Window,1,0,"3. Without reverse cycle, with louvered sides, and 8,000 to 13,999 Btu/h",1,R-32,R-32 (GWP:675 | Lower GWP),15.0,,400.0,0,2023-07-18,2023-07-18,"United States, Canada",ES_0017771_RXTS-81A_07272023175325_80167537,0
3354606,Danby,DAC080B7IWDB-6,,067638029902,13.5,19.2,22.0,53.1,8000,115,Window,Straddles Window,1,0,"3. Without reverse cycle, with louvered sides, and 8,000 to 13,999 Btu/h",1,R-32,R-32 (GWP:675 | Lower GWP),15.0,,400.0,0,2023-12-28,2023-12-18,"United States, Canada",ES_0031682_DAC080B7IWDB-6_01022024123846_80193130,0
3354607,Danby,DAC080B8IWDB-6,,067638030045,13.5,19.2,22.0,53.1,8000,115,Window,Straddles Window,1,0,"3. Without reverse cycle, with louvered sides, and 8,000 to 13,999 Btu/h",1,R-32,R-32 (GWP:675 | Lower GWP),15.0,,400.0,0,2023-12-28,2023-12-28,"United States, Canada",ES_0031682_DAC080B8IWDB-6_01022024123846_80193130,0
3477711,Danby,DAC080EBIBDB,,067638033152,13.5,18.6,19.6,44.1,8000,115,Window,Does Not Straddle Window or Windowsill,0,0,"3. Without reverse cycle, with louvered sides, and 8,000 to 13,999 Btu/h",1,R-32,R-32 (GWP:675 | Lower GWP),15.0,,400.0,0,2024-05-08,2024-05-08,"United States, Canada",ES_0031682_DAC080EBIBDB_05082024100453_80204879,0
3354608,Danby,DAC100B8IWDB-6,,067638030069,13.5,19.2,22.0,54.0,10000,115,Window,Straddles Window,1,0,"3. Without reverse cycle, with louvered sides, and 8,000 to 13,999 Btu/h",1,R-32,R-32 (GWP:675 | Lower GWP),15.0,,500.0,0,2023-12-28,2023-12-28,"United States, Canada",ES_0031682_DAC100B8IWDB-6_01022024123846_80193130,0
3354609,Danby,DAC120ECBIWDB,,067638031943,14.7,21.7,19.0,50.9,12000,115,Window,Does Not Straddle Window or Windowsill,0,0,"3. Without reverse cycle, with louvered sides, and 8,000 to 13,999 Btu/h",1,R-32,R-32 (GWP:675 | Lower GWP),15.0,,600.0,0,2023-12-28,2023-12-28,"United States, Canada",ES_0031682_DAC120ECBIWDB_01022024123846_80193130,0
3477712,Danby,DAC140EBIBDB,,067638033176,14.7,21.7,19.0,56.0,14000,115,Window,Does Not Straddle Window or Windowsill,0,0,"4. Without reverse cycle, with louvered sides, and 14,000 to 19,999 Btu/h",1,R-32,R-32 (GWP:675 | Lower GWP),15.0,,700.0,0,2024-05-08,2024-05-08,"United States, Canada",ES_0031682_DAC140EBIBDB_05082024100453_80204879,0
3417923,Della,048-TL-W10KI,,192928042535,13.4,20.7,19.3,57.8,10000,115,Window,Does Not Straddle Window or Windowsill,0,0,"3. Without reverse cycle, with louvered sides, and 8,000 to 13,999 Btu/h",1,R-32,R-32 (GWP:675 | Lower GWP),15.0,,500.0,0,2024-02-28,2024-03-04,"United States, Canada",ES_1141693_048-TL-W10KI_02292024172105_3444940,0
3463021,Della,048-TL-W10KI,,192928042535,13.4,20.7,19.3,57.8,10000,115,Window,Does Not Straddle Window or Windowsill,0,0,"3. Without reverse cycle, with louvered sides, and 8,000 to 13,999 Btu/h",1,R-32,R-32 (GWP:675 | Lower GWP),15.0,,500.0,0,2024-02-28,2024-04-29,"United States, Canada",ES_1141693_048-TL-W10KI_04282024093553_436365,0
3417922,Della,048-TL-W12KI,,192928042542,13.4,20.7,19.3,58.6,12000,115,Window,Does Not Straddle Window or Windowsill,0,0,"3. Without reverse cycle, with louvered sides, and 8,000 to 13,999 Btu/h",1,R-32,R-32 (GWP:675 | Lower GWP),15.0,,600.0,0,2024-02-28,2024-03-04,"United States, Canada",ES_1141693_048-TL-W12KI_02292024172626_4044153,0
3463022,Della,048-TL-W12KI,,192928042542,13.4,20.7,19.3,58.6,12000,115,Window,Does Not Straddle Window or Windowsill,0,0,"3. Without reverse cycle, with louvered sides, and 8,000 to 13,999 Btu/h",1,R-32,R-32 (GWP:675 | Lower GWP),15.0,,600.0,0,2024-02-28,2024-04-29,"United States, Canada",ES_1141693_048-TL-W12KI_04282024094116_3658105,0
3943309,Hisense,AHLW1225TW1W,",AWUS1225TW,",810088369933;850072177014,14.6,20.3,20.7,55.1,12000,115,Window,Straddles Window,1,0,"3. Without reverse cycle, with louvered sides, and 8,000 to 13,999 Btu/h",1,R-32,R-32 (GWP:675 | Lower GWP),15.0,,600.0,0,2024-12-11,2024-12-05,United States,ES_1115137_AHLW1225TW1W_12192024133734_6841546,0
3425482,Hisense,AHW0823TW1W,",AW0823TW1W,; ,WCT08W25A,",810088361722;810088366352;810088367922,13.2,18.5,18.9,44.5,8000,115,Window,Does Not Straddle Window or Windowsill,0,0,"3. Without reverse cycle, with louvered sides, and 8,000 to 13,999 Btu/h",1,R-32,R-32 (GWP:675 | Lower GWP),15.0,,400.0,0,2024-03-27,2024-04-02,United States,ES_1115137_AHW0823TW1W_03292024101816_7505761,0
3543865,Hisense,AW1023TW1W,,810088361739,13.2,18.5,18.9,46.3,10000,115,Window,Does Not Straddle Window or Windowsill,0,0,"3. Without reverse cycle, with louvered sides, and 8,000 to 13,999 Btu/h",1,R-32,R-32 (GWP:675 | Lower GWP),15.0,,500.0,0,2024-06-19,2024-06-21,United States,ES_1115137_AW1023TW1W_06192024192544_5925409,0
3543867,Hisense,AW1422TW1W,,819130029542,14.6,18.9,21.5,58.9,14000,115,Window,Does Not Straddle Window or Windowsill,0,0,"4. Without reverse cycle, with louvered sides, and 14,000 to 19,999 Btu/h",1,R-32,R-32 (GWP:675 | Lower GWP),15.0,,700.0,0,2024-06-19,2024-06-21,United States,ES_1115137_AW1422TW1W_06192024194426_3280450,0
3543868,Hisense,AW1823TW3W,,810088361746,17.9,23.6,25.3,84.9,18000,230,Window,Does Not Straddle Window or Windowsill,1,0,"4. Without reverse cycle, with louvered sides, and 14,000 to 19,999 Btu/h",1,R-32,R-32 (GWP:675 | Lower GWP),15.0,,900.0,0,2024-06-19,2024-06-21,United States,ES_1115137_AW1823TW3W_06202024090946_9213678,0
3845046,Hisense,AWL1225TW1W,,810088367564,14.6,20.3,20.7,55.1,12000,115,Window,Straddles Window,1,0,"3. Without reverse cycle, with louvered sides, and 8,000 to 13,999 Btu/h",1,R-32,R-32 (GWP:675 | Lower GWP),15.0,,600.0,0,2025-01-20,2024-12-05,"United States, Canada",ES_1115137_AWL1225TW1W_12042024104517_2930414,0
4498411,Hisense,AWUS1026TW,",HW1026CW,",850072177816;850076697471,14.6,20.3,20.7,55.1,10000,115,Window,Straddles Window,1,0,"3. Without reverse cycle, with louvered sides, and 8,000 to 13,999 Btu/h",1,R-32,R-32 (GWP:675 | Lower GWP),15.0,,500.0,0,2025-09-02,2025-09-05,United States,ES_1115137_AWUS1026TW_09042025105816_6255761,0
3798664,Hisense,HLAW0825TW,,810088367809,14.6,20.3,20.7,51.2,8000,115,Window,Straddles Window,1,0,"3. Without reverse cycle, with louvered sides, and 8,000 to 13,999 Btu/h",1,R-32,R-32 (GWP:675 | Lower GWP),15.0,,400.0,0,2024-11-05,2024-11-13,United States,ES_1115137_HLAW0825TW_11112024101758_9996759,0
3845047,Hisense,LWCT12W25A,,810088367946,14.6,20.3,20.7,55.1,12000,115,Window,Straddles Window,1,0,"3. Without reverse cycle, with louvered sides, and 8,000 to 13,999 Btu/h",1,R-32,R-32 (GWP:675 | Lower GWP),15.0,,600.0,0,2025-03-28,2024-12-05,United States,ES_1115137_LWCT12W25A_12042024104517_7130243,0
3845050,Hisense,WAWL1225TW1W,,810088368202,14.6,20.3,20.7,55.1,12000,115,Window,Straddles Window,1,0,"3. Without reverse cycle, with louvered sides, and 8,000 to 13,999 Btu/h",1,R-32,R-32 (GWP:675 | Lower GWP),15.0,,600.0,0,2025-03-15,2024-12-05,United States,ES_1115137_WAWL1225TW1W_12042024104518_9005526,0
3706663,Hisense,WCT06W25A,,810088367915,11.8,15.9,13.8,35.3,6000,115,Window,Does Not Straddle Window or Windowsill,1,0,"2. Without reverse cycle, with louvered sides, and 6,000 to 7,999 Btu/h",1,R-32,R-32 (GWP:675 | Lower GWP),13.7,,329.0,0,2024-10-14,2024-10-21,United States,ES_1115137_WCT06W25A_10142024145654_9162866,0
4498965,Honeywell,HAC-8I,,811691029290,13.5,19.2,22.0,53.1,8000,115,Window,Does Not Straddle Window or Windowsill,0,0,"3. Without reverse cycle, with louvered sides, and 8,000 to 13,999 Btu/h",1,R-32,R-32 (GWP:675 | Lower GWP),15.0,,400.0,0,2025-09-12,2025-09-12,"United States, Canada",ES_1132323_HAC-8I_09152025123819_80268568,0
4481448,House Kobo,KOBOGJC08BU,,,13.0,21.0,18.0,60.6,8100,115,Window,Straddles Window,1,0,"3. Without reverse cycle, with louvered sides, and 8,000 to 13,999 Btu/h",1,R-32,R-32 (GWP:675 | Lower GWP),15.5,,392.0,0,2025-08-02,2025-08-02,"United States, Canada",ES_1150317_KOBOGJC08BU_08202025122250_80262526,0
4481449,House Kobo,KOBOGJC10BU,,,13.0,21.0,18.0,65.0,10000,115,Window,Straddles Window,1,0,"3. Without reverse cycle, with louvered sides, and 8,000 to 13,999 Btu/h",1,R-32,R-32 (GWP:675 | Lower GWP),14.7,,510.0,0,2025-08-02,2025-08-02,"United States, Canada",ES_1150317_KOBOGJC10BU_08202025122250_80262526,0
4481450,House Kobo,KOBOGJC12BU,,,13.0,21.0,18.0,65.0,11500,115,Window,Straddles Window,1,0,"3. Without reverse cycle, with louvered sides, and 8,000 to 13,999 Btu/h",1,R-32,R-32 (GWP:675 | Lower GWP),14.7,,587.0,0,2025-08-02,2025-08-02,"United States, Canada",ES_1150317_KOBOGJC12BU_08202025122250_80262526,0
3550238,Hykolity,ACB-2601,,,13.5,19.2,22.0,53.1,8000,115,Window,Does Not Straddle Window or Windowsill,0,0,"3. Without reverse cycle, with louvered sides, and 8,000 to 13,999 Btu/h",1,R-32,R-32 (GWP:675 | Lower GWP),15.0,,400.0,0,2024-07-03,2024-07-03,"United States, Canada",ES_1150728_ACB-2601_07032024124429_80208344,0
3550239,Hykolity,ACB-2602,,,13.5,19.2,22.0,54.0,10000,115,Window,Does Not Straddle Window or Windowsill,0,0,"3. Without reverse cycle, with louvered sides, and 8,000 to 13,999 Btu/h",1,R-32,R-32 (GWP:675 | Lower GWP),15.0,,500.0,0,2024-07-03,2024-07-03,"United States, Canada",ES_1150728_ACB-2602_07032024124429_80208344,0
3550240,Hykolity,ACB-2603,,,13.5,19.2,22.0,56.9,12000,115,Window,Does Not Straddle Window or Windowsill,0,0,"3. Without reverse cycle, with louvered sides, and 8,000 to 13,999 Btu/h",1,R-32,R-32 (GWP:675 | Lower GWP),15.0,,600.0,0,2024-07-03,2024-07-03,"United States, Canada",ES_1150728_ACB-2603_07032024124429_80208344,0
3174245,Insignia,NS-AC12WWH5-C,,600603303067,14.7,21.7,19.0,50.9,12000,115,Window,Does Not Straddle Window or Windowsill,0,0,"3. Without reverse cycle, with louvered sides, and 8,000 to 13,999 Btu/h",1,R-32,R-32 (GWP:675 | Lower GWP),15.0,,600.0,0,2023-12-20,2023-12-22,Canada,ES_1059185_NS-AC12WWH5-C_122220231037728_3631320,0
3890974,Keplerx,KARC10RSVE1,,810112573275,13.5,18.6,19.6,46.1,10000,115,Window,Does Not Straddle Window or Windowsill,0,0,"3. Without reverse cycle, with louvered sides, and 8,000 to 13,999 Btu/h",1,R-32,R-32 (GWP:675 | Lower GWP),15.0,,500.0,0,2024-12-13,2024-12-13,"United States, Canada",ES_1055302_KARC10RSVE1_12132024113552,0
3417924,Della,048-TL-W8KI,,192928042528,13.4,20.7,19.3,56.2,8000,115,Window,Does Not Straddle Window or Windowsill,0,0,"3. Without reverse cycle, with louvered sides, and 8,000 to 13,999 Btu/h",1,R-32,R-32 (GWP:675 | Lower GWP),15.0,,400.0,0,2024-02-28,2024-03-04,"United States, Canada",ES_1141693_048-TL-W8KI_02292024165059_4724084,0
3463020,Della,048-TL-W8KI,,192928042528,13.4,20.7,19.3,56.2,8000,115,Window,Does Not Straddle Window or Windowsill,0,0,"3. Without reverse cycle, with louvered sides, and 8,000 to 13,999 Btu/h",1,R-32,R-32 (GWP:675 | Lower GWP),15.0,,400.0,0,2024-02-28,2024-04-29,"United States, Canada",ES_1141693_048-TL-W8KI_04282024093151_4905053,0
3361147,Friedrich,CCV08A10A,,724587442316,13.4,20.7,19.3,56.2,8000,115,Window,Does Not Straddle Window or Windowsill,0,0,"3. Without reverse cycle, with louvered sides, and 8,000 to 13,999 Btu/h",1,R-32,R-32 (GWP:675 | Lower GWP),15.0,,400.0,0,2023-11-27,2024-01-18,"United States, Canada",ES_31705_CCV08A10A_01172024135900_6351434,0
3361148,Friedrich,CCV10A10A,,724587442328,13.4,20.7,19.3,57.8,10000,115,Window,Does Not Straddle Window or Windowsill,0,0,"3. Without reverse cycle, with louvered sides, and 8,000 to 13,999 Btu/h",1,R-32,R-32 (GWP:675 | Lower GWP),15.0,,500.0,0,2023-11-27,2024-01-18,"United States, Canada",ES_31705_CCV10A10A_01172024140454_4386407,0
3361146,Friedrich,CCV12A10A,,724587442335,13.4,20.7,19.3,58.6,12000,115,Window,Does Not Straddle Window or Windowsill,0,0,"3. Without reverse cycle, with louvered sides, and 8,000 to 13,999 Btu/h",1,R-32,R-32 (GWP:675 | Lower GWP),15.0,,600.0,0,2023-11-27,2024-01-18,"United States, Canada",ES_31705_CCV12A10A_01172024140929_4342157,0
3478067,Friedrich,CCV15A10A,,,15.3,26.0,27.5,102.0,15000,115,Window,Straddles Window,1,0,"4. Without reverse cycle, with louvered sides, and 14,000 to 19,999 Btu/h",1,R-32,R-32 (GWP:675 | Lower GWP),14.4,,781.0,0,2024-05-16,2024-03-11,"United States, Canada",ES_0031705_CCV15A10A_05162024104007_80172671,0
3478068,Friedrich,CCV18A30A,,,15.3,26.0,27.5,116.0,18000,230,Window,Straddles Window,1,0,"4. Without reverse cycle, with louvered sides, and 14,000 to 19,999 Btu/h",1,R-32,R-32 (GWP:675 | Lower GWP),14.4,,938.0,0,2024-05-16,2024-03-11,"United States, Canada",ES_0031705_CCV18A30A_05162024104007_80172671,0
3999710,Friedrich,KCVM14B10A,,724587447712,17.9,25.9,29.0,120.0,13900,115,Window,Does Not Straddle Window or Windowsill,1,0,"3. Without reverse cycle, with louvered sides, and 8,000 to 13,999 Btu/h",1,R-32,R-32 (GWP:675 | Lower GWP),14.7,,709.0,0,2025-03-12,2025-03-13,"United States, Canada",ES_31705_KCVM14B10A_03132025054388_9329787,0
3999709,Friedrich,KCVM18B30A,,724587447729,17.9,25.9,29.0,130.0,19100,230,Window,Does Not Straddle Window or Windowsill,1,0,"4. Without reverse cycle, with louvered sides, and 14,000 to 19,999 Btu/h",1,R-32,R-32 (GWP:675 | Lower GWP),14.4,,995.0,0,2025-03-12,2025-03-13,"United States, Canada",ES_31705_KCVM18B30A_031320250543968_8633713,0
3999712,Friedrich,KCVS08B10A,,724587447637,15.9,25.9,29.0,100.0,8700,115,Window,Does Not Straddle Window or Windowsill,1,0,"3. Without reverse cycle, with louvered sides, and 8,000 to 13,999 Btu/h",1,R-32,R-32 (GWP:675 | Lower GWP),16.0,,408.0,0,2025-03-12,2025-03-13,"United States, Canada",ES_31705_KCVS08B10A_031320250541456_4475778,1
3999713,Friedrich,KCVS12B10A,,724587447644,15.9,25.9,29.0,110.0,12500,115,Window,Does Not Straddle Window or Windowsill,1,0,"3. Without reverse cycle, with louvered sides, and 8,000 to 13,999 Btu/h",1,R-32,R-32 (GWP:675 | Lower GWP),15.0,,625.0,0,2025-03-12,2025-03-13,"United States, Canada",ES_31705_KCVS12B10A_031320250545845_8606740,0
3999714,Friedrich,KCVS12B30A,,724587447651,15.9,25.9,29.0,110.0,12700,230,Window,Does Not Straddle Window or Windowsill,1,0,"3. Without reverse cycle, with louvered sides, and 8,000 to 13,999 Btu/h",1,R-32,R-32 (GWP:675 | Lower GWP),15.0,,635.0,0,2025-03-12,2025-03-13,"United States, Canada",ES_31705_KCVS12B30A_031320250540435_2384658,0
3999715,Friedrich,KCVS16B30A,,724587447668,15.9,25.9,29.0,110.0,16200,230,Window,Does Not Straddle Window or Windowsill,1,0,"4. Without reverse cycle, with louvered sides, and 14,000 to 19,999 Btu/h",1,R-32,R-32 (GWP:675 | Lower GWP),14.4,,844.0,0,2025-03-12,2025-03-13,"United States, Canada",ES_31705_KCVS16B30A_031320250542123_9735626,0
3999719,Friedrich,KHVS10B11A,,724587447675,15.9,25.9,29.0,105.0,10200,115,Window,Does Not Straddle Window or Windowsill,1,1,"11. With reverse cycle, with louvered sides, and less than 20,000 Btu/h",1,R-32,R-32 (GWP:675 | Lower GWP),14.0,,546.0,0,2025-03-12,2025-03-13,"United States, Canada",ES_31705_KHVS10B11A_031320250546412_3984241,0
3999720,Friedrich,KHVS12B33A,,724587447682,15.9,25.9,29.0,115.0,12600,230,Window,Does Not Straddle Window or Windowsill,1,1,"11. With reverse cycle, with louvered sides, and less than 20,000 Btu/h",1,R-32,R-32 (GWP:675 | Lower GWP),14.4,,656.0,0,2025-03-12,2025-03-13,"United States, Canada",ES_31705_KHVS12B33A_031320250541152_3468611,1
3999721,Friedrich,WCVT10B10A,,724587447767,15.2,26.5,21.0,90.0,11000,115,Through the Wall,Does Not Straddle Window or Windowsill,1,0,"8b. Without reverse cycle, without louvered sides, and 11,000 to 13,999 Btu/h",1,R-32,R-32 (GWP:675 | Lower GWP),13.0,,635.0,0,2025-03-12,2025-03-13,"United States, Canada",ES_31705_WCVT10B10A_031320250542337_4699188,0
3999722,Friedrich,WCVT10B30A,,724587447774,15.2,26.5,21.0,90.0,11100,230,Through the Wall,Does Not Straddle Window or Windowsill,1,0,"8b. Without reverse cycle, without louvered sides, and 11,000 to 13,999 Btu/h",1,R-32,R-32 (GWP:675 | Lower GWP),13.0,,640.0,0,2025-03-12,2025-03-13,"United States, Canada",ES_31705_WCVT10B30A_031320250543197_7616971,0
3999723,Friedrich,WCVT12B10A,,724587447781,15.2,26.5,21.0,110.0,13500,115,Through the Wall,Does Not Straddle Window or Windowsill,1,0,"8b. Without reverse cycle, without louvered sides, and 11,000 to 13,999 Btu/h",1,R-32,R-32 (GWP:675 | Lower GWP),13.2,,767.0,0,2025-03-12,2025-03-13,"United States, Canada",ES_31705_WCVT12B10A_031320250544463_8534504,0
3999724,Friedrich,WCVT12B30A,,724587447798,15.2,26.5,21.0,110.0,13600,230,Through the Wall,Does Not Straddle Window or Windowsill,1,0,"8b. Without reverse cycle, without louvered sides, and 11,000 to 13,999 Btu/h",1,R-32,R-32 (GWP:675 | Lower GWP),13.9,,734.0,0,2025-03-12,2025-03-13,"United States, Canada",ES_31705_WCVT12B30A_031320250544859_2821088,1
3999726,Friedrich,WHVT14B33A,,724587447811,15.2,26.5,21.0,115.0,15200,230,Through the Wall,Does Not Straddle Window or Windowsill,1,1,"14. With reverse cycle, without louvered sides, and 14,000 Btu/h or more",1,R-32,R-32 (GWP:675 | Lower GWP),12.0,,950.0,0,2025-03-12,2025-03-13,"United States, Canada",ES_31705_WHVT14B33A_031320250545257_9089869,0
2838994,Frigidaire,FHWW085WE1,,012505285387,13.5,18.6,19.6,44.1,8000,115,Window,Does Not Straddle Window or Windowsill,0,0,"3. Without reverse cycle, with louvered sides, and 8,000 to 13,999 Btu/h",1,R-32,R-32 (GWP:675 | Lower GWP),15.0,,400.0,0,2023-12-06,2023-12-06,"United States, Canada",ES_1021080_FHWW085WE1_12072023101732_80189695,0
2838991,Frigidaire,FHWW105WE1,,012505285394,13.5,18.6,19.6,46.1,10000,115,Window,Does Not Straddle Window or Windowsill,0,0,"3. Without reverse cycle, with louvered sides, and 8,000 to 13,999 Btu/h",1,R-32,R-32 (GWP:675 | Lower GWP),15.0,,500.0,0,2023-12-06,2023-12-06,"United States, Canada",ES_1021080_FHWW105WE1_12072023101732_80189695,0
2838992,Frigidaire,FHWW125WE1,,012505285400,14.6,19.1,21.8,50.7,12000,115,Window,Does Not Straddle Window or Windowsill,0,0,"3. Without reverse cycle, with louvered sides, and 8,000 to 13,999 Btu/h",1,R-32,R-32 (GWP:675 | Lower GWP),15.0,,600.0,0,2023-12-06,2023-12-06,"United States, Canada",ES_1021080_FHWW125WE1_12072023101732_80189695,0
2838993,Frigidaire,FHWW145WE1,,012505285417,14.6,19.1,21.8,56.3,14000,115,Window,Does Not Straddle Window or Windowsill,0,0,"4. Without reverse cycle, with louvered sides, and 14,000 to 19,999 Btu/h",1,R-32,R-32 (GWP:675 | Lower GWP),15.0,,700.0,0,2023-12-06,2023-12-06,"United States, Canada",ES_1021080_FHWW145WE1_12072023101732_80189695,0
2838995,Frigidaire,FHWW185WE2,",,Dual voltage 230/208",012505285424,17.9,23.6,25.4,95.9,18000,230,Window,Does Not Straddle Window or Windowsill,0,0,"4. Without reverse cycle, with louvered sides, and 14,000 to 19,999 Btu/h",1,R-32,R-32 (GWP:675 | Lower GWP),15.0,,900.0,0,2023-12-06,2023-12-06,"United States, Canada",ES_1021080_FHWW185WE2_12072023101732_80189695,0
2650036,Frigidaire Gallery,GHWQ083WC1,,12505284120,13.5,19.2,22.0,53.1,8000,115,Window,Straddles Window,1,0,"3. Without reverse cycle, with louvered sides, and 8,000 to 13,999 Btu/h",1,R-32,R-32 (GWP:675 | Lower GWP),15.0,,400.0,0,2023-09-07,2023-09-07,"United States, Canada",ES_1021080_GHWQ083WC1_09072023120847_80181101,0
2650035,Frigidaire Gallery,GHWQ085WD1,,12505284809,13.5,19.2,22.0,53.1,8000,115,Window,Straddles Window,1,0,"3. Without reverse cycle, with louvered sides, and 8,000 to 13,999 Btu/h",1,R-32,R-32 (GWP:675 | Lower GWP),15.0,,400.0,0,2023-09-07,2023-09-07,"United States, Canada",ES_1021080_GHWQ085WD1_09072023120847_80181101,0
2650038,Frigidaire Gallery,GHWQ103WC1,,12505284137,13.5,19.2,22.0,54.0,10000,115,Window,Straddles Window,1,0,"3. Without reverse cycle, with louvered sides, and 8,000 to 13,999 Btu/h",1,R-32,R-32 (GWP:675 | Lower GWP),15.0,,500.0,0,2023-09-07,2023-09-07,"United States, Canada",ES_1021080_GHWQ103WC1_09072023120847_80181101,0
2650037,Frigidaire Gallery,GHWQ105WD1,,12505284816,13.5,19.2,22.0,54.0,10000,115,Window,Straddles Window,1,0,"3. Without reverse cycle, with louvered sides, and 8,000 to 13,999 Btu/h",1,R-32,R-32 (GWP:675 | Lower GWP),15.0,,500.0,0,2023-09-07,2023-09-07,"United States, Canada",ES_1021080_GHWQ105WD1_09072023120847_80181101,0
2650040,Frigidaire Gallery,GHWQ123WC1,,12505284144,13.5,19.2,22.0,56.9,12000,115,Window,Straddles Window,1,0,"3. Without reverse cycle, with louvered sides, and 8,000 to 13,999 Btu/h",1,R-32,R-32 (GWP:675 | Lower GWP),15.0,,600.0,0,2023-09-07,2023-09-07,"United States, Canada",ES_1021080_GHWQ123WC1_09072023120847_80181101,0
2650039,Frigidaire Gallery,GHWQ125WD1,,12505284823,13.5,19.2,22.0,56.9,12000,115,Window,Straddles Window,1,0,"3. Without reverse cycle, with louvered sides, and 8,000 to 13,999 Btu/h",1,R-32,R-32 (GWP:675 | Lower GWP),15.0,,600.0,0,2023-09-07,2023-09-07,"United States, Canada",ES_1021080_GHWQ125WD1_09072023120847_80181101,0
3705421,Frigidaire Gallery,GHWW085TE1,,012505285745,13.5,19.2,22.0,53.1,8000,115,Window,Does Not Straddle Window or Windowsill,1,0,"3. Without reverse cycle, with louvered sides, and 8,000 to 13,999 Btu/h",1,R-32,R-32 (GWP:675 | Lower GWP),15.0,,400.0,0,2024-10-12,2024-10-12,"United States, Canada",ES_1021080_GHWW085TE1_10162024090932_80227110,0
3705422,Frigidaire Gallery,GHWW105TE1,,012505285752,13.5,19.2,22.0,54.0,10000,115,Window,Does Not Straddle Window or Windowsill,1,0,"3. Without reverse cycle, with louvered sides, and 8,000 to 13,999 Btu/h",1,R-32,R-32 (GWP:675 | Lower GWP),15.0,,500.0,0,2024-10-12,2024-10-12,"United States, Canada",ES_1021080_GHWW105TE1_10162024090932_80227110,0
3705423,Frigidaire Gallery,GHWW125TE1,,012505285769,13.5,19.2,22.0,56.9,12000,115,Window,Does Not Straddle Window or Windowsill,1,0,"3. Without reverse cycle, with louvered sides, and 8,000 to 13,999 Btu/h",1,R-32,R-32 (GWP:675 | Lower GWP),15.0,,600.0,0,2024-10-12,2024-10-12,"United States, Canada",ES_1021080_GHWW125TE1_10162024090932_80227110,0
3942787,Ge Appliances,AWGP08W**#,,084691960089;084691964230,13.3,19.0,18.2,45.2,8000,115,Window,Does Not Straddle Window or Windowsill,0,1,"11. With reverse cycle, with louvered sides, and less than 20,000 Btu/h",1,R-32,R-32 (GWP:675 | Lower GWP),13.2,,455.0,0,2025-02-01,2025-01-16,United States,ES_1123206_AWGP08W**#_01092025095920_36889,0
3942788,Ge Appliances,AWGP12W**#,,084691960096;084691964247,15.0,19.0,20.5,47.6,11000,115,Window,Does Not Straddle Window or Windowsill,0,1,"11. With reverse cycle, with louvered sides, and less than 20,000 Btu/h",1,R-32,R-32 (GWP:675 | Lower GWP),13.2,,625.0,0,2025-02-01,2025-01-16,United States,ES_1123206_AWGP12W**#_01092025102229_4102441,0
2684127,Ge Profile,AHTR10ACH2,,084691862659,14.0,10.6,19.9,65.0,10100,115,Window,Does Not Straddle Window or Windowsill,1,0,"3. Without reverse cycle, with louvered sides, and 8,000 to 13,999 Btu/h",1,R-32,R-32 (GWP:675 | Lower GWP),15.7,,483.0,0,2021-12-09,2023-10-26,United States,ES_1123206_AHTR10ACH2_10232023153049_9869958,0
2684128,Ge Profile,AHTR12ACH2,,084691862666,14.0,10.6,19.9,68.0,12200,115,Window,Does Not Straddle Window or Windowsill,1,0,"3. Without reverse cycle, with louvered sides, and 8,000 to 13,999 Btu/h",1,R-32,R-32 (GWP:675 | Lower GWP),15.4,,594.0,0,2021-12-09,2023-10-26,United States,ES_1123206_AHTR12ACH2_10232023153609_5797387,0
2684129,Ge Profile,AHTR14AC*#,",AHTR14BA*#,",084691862673,14.0,10.6,19.9,103.0,13500,115,Window,Does Not Straddle Window or Windowsill,1,0,"3. Without reverse cycle, with louvered sides, and 8,000 to 13,999 Btu/h",1,R-32,R-32 (GWP:675 | Lower GWP),14.7,,689.0,0,2022-03-01,2023-10-26,United States,ES_1123206_AHTR14AC*#_10232023154549_8885309,0
2684130,Ge Profile,PHNT10CCH1,,08469191797,12.8,19.7,28.0,80.0,10300,115,Window,Straddles Windowsill,1,0,"3. Without reverse cycle, with louvered sides, and 8,000 to 13,999 Btu/h",1,R-32,R-32 (GWP:675 | Lower GWP),14.7,,526.0,0,2023-01-06,2023-10-26,United States,ES_1123206_PHNT10CCH1_10232023163058_8050805,0
2684132,Ge Profile,PHNT12CCH1,,08469191798,12.8,19.7,28.0,80.0,12200,115,Window,Straddles Windowsill,1,0,"3. Without reverse cycle, with louvered sides, and 8,000 to 13,999 Btu/h",1,R-32,R-32 (GWP:675 | Lower GWP),14.7,,622.0,0,2023-01-06,2023-10-26,United States,ES_1123206_PHNT12CCH1_10232023162410_537073,0
2765428,Ge Profile,PWDV08W**#,,084691943297,13.6,18.5,19.0,43.2,8000,115,Window,Does Not Straddle Window or Windowsill,1,0,"3. Without reverse cycle, with louvered sides, and 8,000 to 13,999 Btu/h",1,R-32,R-32 (GWP:675 | Lower GWP),15.0,,400.0,0,2024-02-15,2023-11-20,United States,ES_1123206_PWDV08W**#_11202023141819_9556390,0
2765429,Ge Profile,PWDV10W**#,,084691943303,13.6,18.5,19.0,45.1,10000,115,Window,Does Not Straddle Window or Windowsill,1,0,"3. Without reverse cycle, with louvered sides, and 8,000 to 13,999 Btu/h",1,R-32,R-32 (GWP:675 | Lower GWP),15.0,,500.0,0,2024-02-15,2023-11-20,United States,ES_1123206_PWDV10W**#_11202023142852_6974603,0
2765430,Ge Profile,PWDV12W**#,,084691943310,14.7,19.0,21.7,49.9,12000,115,Window,Does Not Straddle Window or Windowsill,1,0,"3. Without reverse cycle, with louvered sides, and 8,000 to 13,999 Btu/h",1,R-32,R-32 (GWP:675 | Lower GWP),15.0,,600.0,0,2024-02-15,2023-11-20,United States,ES_1123206_PWDV12W**#_11202023143404_8143121,0
2765431,Ge Profile,PWDV14W**#,,084691943327,14.7,19.0,21.7,55.3,14000,115,Window,Does Not Straddle Window or Windowsill,1,0,"4. Without reverse cycle, with louvered sides, and 14,000 to 19,999 Btu/h",1,R-32,R-32 (GWP:675 | Lower GWP),15.0,,700.0,0,2024-02-15,2023-11-20,United States,ES_1123206_PWDV14W**#_11202023143906_5548059,0
3627050,Gradient,CCHP11,,,24.0,25.3,37.3,140.0,9300,120,Window,Straddles Window,1,1,"11. With reverse cycle, with louvered sides, and less than 20,000 Btu/h",1,R-32,R-32 (GWP:675 | Lower GWP),16.8,,415.0,0,2024-09-12,2024-09-05,United States,ES_1147758_CCHP11_08302024094517_5650293,1
3845186,Gree,GJC08BU-A6DRNJ2A,,,13.0,21.0,18.0,60.6,8100,115,Window,Straddles Window,1,0,"3. Without reverse cycle, with louvered sides, and 8,000 to 13,999 Btu/h",1,R-32,R-32 (GWP:675 | Lower GWP),15.5,,392.0,0,2024-11-28,2024-11-25,"United States, Canada",ES_1105164_GJC08BU-A6DRNJ2A_12092024163219_80232913,0
3845187,Gree,GJC10BU-A6DRNJ2A,,,13.0,21.0,18.0,65.0,10000,115,Window,Straddles Window,1,0,"3. Without reverse cycle, with louvered sides, and 8,000 to 13,999 Btu/h",1,R-32,R-32 (GWP:675 | Lower GWP),14.7,,510.0,0,2024-11-28,2024-11-25,"United States, Canada",ES_1105164_GJC10BU-A6DRNJ2A_12092024163219_80232913,0
3845188,Gree,GJC12BU-A6DRNJ2A,,,13.0,21.0,18.0,65.0,11500,115,Window,Straddles Window,1,0,"3. Without reverse cycle, with louvered sides, and 8,000 to 13,999 Btu/h",1,R-32,R-32 (GWP:675 | Lower GWP),14.7,,587.0,0,2024-11-28,2024-11-25,"United States, Canada",ES_1105164_GJC12BU-A6DRNJ2A_12092024163219_80232913,0
2673863,Gree,GJH09BW-A6DRNL1A,,,15.3,26.0,27.5,116.0,9300,115,Window,Straddles Window,1,1,"11. With reverse cycle, with louvered sides, and less than 20,000 Btu/h",1,R-32,R-32 (GWP:675 | Lower GWP),14.4,,484.0,0,2023-09-18,2025-06-16,"United States, Canada",ES_1105164_GJH09BW-A6DRNL1A_09292023120031_80167529,1
3845223,Hema,DS-2W1822CI,,,15.3,26.0,27.5,116.0,18000,230,Window,Straddles Window,1,0,"4. Without reverse cycle, with louvered sides, and 14,000 to 19,999 Btu/h",1,R-32,R-32 (GWP:675 | Lower GWP),14.4,,938.0,0,2024-11-29,2024-12-10,"United States, Canada",ES_1150726_DS-2W1822CI_12102024103932_80235876,0
3845049,Hisense,143-1306-8,,810088367564,14.6,20.3,20.7,55.1,12000,115,Window,Straddles Window,1,0,"3. Without reverse cycle, with louvered sides, and 8,000 to 13,999 Btu/h",1,R-32,R-32 (GWP:675 | Lower GWP),15.0,,600.0,0,2025-02-15,2024-12-05,Canada,ES_1115137_143-1306-8_12042024104518_593949,0
3892176,Midea,MAW10U2QWT,,840296515266;840296518373,13.5,19.2,22.0,54.7,10000,115,Window,Straddles Window,1,0,"3. Without reverse cycle, with louvered sides, and 8,000 to 13,999 Btu/h",1,R-32,R-32 (GWP:675 | Lower GWP),16.0,,469.0,0,2024-12-25,2024-12-25,"United States, Canada",ES_1138537_MAW10U2QWT_01022025143937_ 80237251,1
2620520,Midea,MAW10V1QWT,,810004817784;840296518311,13.5,19.2,22.0,53.1,10000,115,Window,Straddles Window,1,0,"3. Without reverse cycle, with louvered sides, and 8,000 to 13,999 Btu/h",1,R-32,R-32 (GWP:675 | Lower GWP),15.0,,500.0,0,2023-07-18,2023-07-18,"United States, Canada",ES_1138537_MAW10V1QWT_07272023171057_80176132,0
4498967,Midea,MAW10V1UWT,,840296519448,13.5,19.2,22.0,54.0,10000,115,Window,Does Not Straddle Window or Windowsill,0,0,"3. Without reverse cycle, with louvered sides, and 8,000 to 13,999 Btu/h",1,R-32,R-32 (GWP:675 | Lower GWP),15.0,,500.0,0,2025-09-12,2025-09-12,"United States, Canada",ES_1132323_MAW10V1UWT_09152025123819_80268567,0
3722647,Midea,MAW10W1QWT,,840296513507;840296518281,13.5,19.2,22.0,54.0,10000,115,Window,Does Not Straddle Window or Windowsill,0,0,"3. Without reverse cycle, with louvered sides, and 8,000 to 13,999 Btu/h",1,R-32,R-32 (GWP:675 | Lower GWP),15.0,,500.0,0,2024-11-08,2024-11-08,"United States, Canada",ES_1138537_MAW10W1QWT_11112024113144_80231930,0
2620525,Midea,MAW12AV1QWT,,840296502907;840296518205,13.5,19.2,22.0,53.1,12000,115,Window,Straddles Window,1,0,"3. Without reverse cycle, with louvered sides, and 8,000 to 13,999 Btu/h",1,R-32,R-32 (GWP:675 | Lower GWP),15.0,,600.0,0,2023-07-18,2023-07-18,"United States, Canada",ES_1138537_MAW12AV1QWT_07272023171057_80176132,0
2669189,Midea,MAW12AV1QWT-C,,840296518199,13.5,19.2,22.0,56.9,12000,115,Window,Straddles Window,1,0,"3. Without reverse cycle, with louvered sides, and 8,000 to 13,999 Btu/h",1,R-32,R-32 (GWP:675 | Lower GWP),15.0,,600.0,0,2023-09-26,2023-09-26,"United States, Canada",ES_1138537_MAW12AV1QWT-C_09282023160824_80183471,0
4511253,Midea,MAW12AV1UWT-C,,840296519950,13.5,19.2,22.0,56.9,12000,115,Window,Does Not Straddle Window or Windowsill,0,0,"3. Without reverse cycle, with louvered sides, and 8,000 to 13,999 Btu/h",1,R-32,R-32 (GWP:675 | Lower GWP),15.0,,600.0,0,2025-10-13,2025-10-13,"United States, Canada",ES_1138537_MAW12AV1UWT-C_10142025110929_80271405,0
2829065,Midea,MAW12HV1CWT,,810040948831,13.9,19.4,22.2,58.0,12000,115,Window,Straddles Window,0,1,"11. With reverse cycle, with louvered sides, and less than 20,000 Btu/h",1,R-32,R-32 (GWP:675 | Lower GWP),13.3,,677.0,0,2023-07-11,2023-12-04,United States,ES_1138537_MAW12HV1CWT_120420230826247_9283395,0
4016212,Midea,MAW12RV1CWT,,840296516751,14.6,19.1,21.8,50.7,12000,115,Window,Does Not Straddle Window or Windowsill,0,0,"3. Without reverse cycle, with louvered sides, and 8,000 to 13,999 Btu/h",1,R-32,R-32 (GWP:675 | Lower GWP),15.0,,600.0,0,2025-04-08,2025-04-08,"United States, Canada",ES_1138537_MAW12RV1CWT_04232025082950_80247253,0
3722644,Midea,MAW12S1VWT-A,,840296513972,14.6,19.1,21.8,50.7,12000,115,Window,Does Not Straddle Window or Windowsill,0,0,"3. Without reverse cycle, with louvered sides, and 8,000 to 13,999 Btu/h",1,R-32,R-32 (GWP:675 | Lower GWP),15.0,,600.0,0,2024-11-08,2024-11-08,"United States, Canada",ES_1138537_MAW12S1VWT-A_11112024113144_80231930,0
3892180,Midea,MAW12S1VWWT-T,,840296515341,14.6,19.1,21.8,50.7,12000,115,Window,Does Not Straddle Window or Windowsill,0,0,"3. Without reverse cycle, with louvered sides, and 8,000 to 13,999 Btu/h",1,R-32,R-32 (GWP:675 | Lower GWP),15.0,,600.0,0,2024-12-25,2024-12-25,"United States, Canada",ES_1138537_MAW12S1VWWT-T_01022025143937_80238858,0
2740434,Midea,MAW12U1QWT,,840296508374;840296518236,13.5,19.2,22.0,56.9,12000,115,Window,Straddles Window,1,0,"3. Without reverse cycle, with louvered sides, and 8,000 to 13,999 Btu/h",1,R-32,R-32 (GWP:675 | Lower GWP),15.2,,592.0,0,2023-11-17,2023-11-17,"United States, Canada",ES_1138537_MAW12U1QWT_11212023124024_80189917,0
3892177,Midea,MAW12U2QWT,,840296515273;840296518380,13.5,19.2,22.0,56.9,12000,115,Window,Straddles Window,1,0,"3. Without reverse cycle, with louvered sides, and 8,000 to 13,999 Btu/h",1,R-32,R-32 (GWP:675 | Lower GWP),15.2,,592.0,0,2024-12-25,2024-12-25,"United States, Canada",ES_1138537_MAW12U2QWT_01022025143937_ 80237251,0
2620523,Midea,MAW12V1QWT,,810004817791;840296518328,13.5,19.2,22.0,53.1,12000,115,Window,Straddles Window,1,0,"3. Without reverse cycle, with louvered sides, and 8,000 to 13,999 Btu/h",1,R-32,R-32 (GWP:675 | Lower GWP),15.0,,600.0,0,2023-07-18,2023-07-18,"United States, Canada",ES_1138537_MAW12V1QWT_07272023171057_80176132,0
2620524,Midea,MAW12V1QWT-M,,840296506035;840296518335,13.5,19.2,22.0,53.1,12000,115,Window,Straddles Window,1,0,"3. Without reverse cycle, with louvered sides, and 8,000 to 13,999 Btu/h",1,R-32,R-32 (GWP:675 | Lower GWP),15.0,,600.0,0,2023-07-18,2023-07-18,"United States, Canada",ES_1138537_MAW12V1QWT-M_07272023171057_80176132,0
4429368,Midea,MAW12V1QWT-S,,840296518250,13.5,19.2,22.0,56.9,12000,115,Window,Does Not Straddle Window or Windowsill,0,0,"3. Without reverse cycle, with louvered sides, and 8,000 to 13,999 Btu/h",1,R-32,R-32 (GWP:675 | Lower GWP),15.0,,600.0,0,2025-06-03,2025-06-03,"United States, Canada",ES_1138537_MAW12V1QWT-S_06032025110807_80256113,0
4511254,Midea,MAW12V1UWT,,840296520062,13.5,19.2,22.0,56.9,12000,115,Window,Does Not Straddle Window or Windowsill,0,0,"3. Without reverse cycle, with louvered sides, and 8,000 to 13,999 Btu/h",1,R-32,R-32 (GWP:675 | Lower GWP),15.0,,600.0,0,2025-10-13,2025-10-13,"United States, Canada",ES_1138537_MAW12V1UWT_10142025110929_80271405,0
3354618,Midea,MAW12V1YWT-S,,840296508138,13.5,19.2,22.0,56.9,12000,115,Window,Straddles Window,1,0,"3. Without reverse cycle, with louvered sides, and 8,000 to 13,999 Btu/h",1,R-32,R-32 (GWP:675 | Lower GWP),15.0,,600.0,0,2023-12-28,2023-12-28,"United States, Canada",ES_1138537_MAW12V1YWT-S_01022024125349_80195322,0
3722648,Midea,MAW12W1QWT,,840296513514;840296518298,13.5,19.2,22.0,56.9,12000,115,Window,Does Not Straddle Window or Windowsill,0,0,"3. Without reverse cycle, with louvered sides, and 8,000 to 13,999 Btu/h",1,R-32,R-32 (GWP:675 | Lower GWP),15.0,,600.0,0,2024-11-08,2024-11-08,"United States, Canada",ES_1138537_MAW12W1QWT_11112024113144_80231930,0
3354617,Midea,MAW14R1VWT,,840296509234,14.7,21.7,19.0,56.0,14000,115,Window,Does Not Straddle Window or Windowsill,0,0,"4. Without reverse cycle, with louvered sides, and 14,000 to 19,999 Btu/h",1,R-32,R-32 (GWP:675 | Lower GWP),15.0,,700.0,0,2023-12-28,2023-12-28,"United States, Canada",ES_1138537_MAW14R1VWT_01022024125349_80195322,0
2620527,Midea,MW12MSWBA6RCM,,687636006868,13.5,19.2,22.0,53.1,12000,115,Window,Straddles Window,1,0,"3. Without reverse cycle, with louvered sides, and 8,000 to 13,999 Btu/h",1,R-32,R-32 (GWP:675 | Lower GWP),15.0,,600.0,0,2023-07-18,2023-07-18,"United States, Canada",ES_1138537_MW12MSWBA6RCM_07272023171057_80176132,0
4479558,Midea,MWAUQB-06CRFN8-BCN11,,,13.5,19.2,22.0,53.1,6000,115,Window,Does Not Straddle Window or Windowsill,0,0,"2. Without reverse cycle, with louvered sides, and 6,000 to 7,999 Btu/h",1,R-32,R-32 (GWP:675 | Lower GWP),15.1,,298.0,0,2025-07-21,2025-07-21,"United States, Canada",ES_1138537_MWAUQB-06CRFN8-BCN11_07232025123522_80253277,1
3557078,Midea,MWAUQB-08CRFN8-BCN10,,,13.5,19.2,22.0,53.1,8000,115,Window,Does Not Straddle Window or Windowsill,0,0,"3. Without reverse cycle, with louvered sides, and 8,000 to 13,999 Btu/h",1,R-32,R-32 (GWP:675 | Lower GWP),15.0,,400.0,0,2024-08-02,2024-08-02,"United States, Canada",ES_1138537_MWAUQB-08CRFN8-BCN10_08022024121249_80101057,0
3557081,Midea,MWAUQB-08CRFN8-BCP0,,,13.5,19.2,22.0,54.3,8000,115,Window,Straddles Window,1,0,"3. Without reverse cycle, with louvered sides, and 8,000 to 13,999 Btu/h",1,R-32,R-32 (GWP:675 | Lower GWP),16.0,,375.0,0,2024-08-02,2024-08-02,"United States, Canada",ES_1138537_MWAUQB-08CRFN8-BCP0_08022024121249_80187204,1
2453262,Midea,MWAUQB-08HRFN8-BCL0,,,13.9,19.4,22.2,56.0,8000,115,Window,Straddles Window,0,1,"11. With reverse cycle, with louvered sides, and less than 20,000 Btu/h",1,R-32,R-32 (GWP:675 | Lower GWP),14.5,,414.0,0,2023-04-07,2023-04-13,"United States, Canada",ES_1138537_MWAUQB-08HRFN8-BCL0_04132023043596_9881063,1
3557079,Midea,MWAUQB-10CRFN8-BCN10,,,13.5,19.2,22.0,54.0,10000,115,Window,Does Not Straddle Window or Windowsill,0,0,"3. Without reverse cycle, with louvered sides, and 8,000 to 13,999 Btu/h",1,R-32,R-32 (GWP:675 | Lower GWP),15.0,,500.0,0,2024-08-02,2024-08-02,"United States, Canada",ES_1138537_MWAUQB-10CRFN8-BCN10_08022024121249_80101057,0
3557082,Midea,MWAUQB-10CRFN8-BCP0,,,13.5,19.2,22.0,54.7,10000,115,Window,Straddles Window,1,0,"3. Without reverse cycle, with louvered sides, and 8,000 to 13,999 Btu/h",1,R-32,R-32 (GWP:675 | Lower GWP),16.0,,469.0,0,2024-08-02,2024-08-02,"United States, Canada",ES_1138537_MWAUQB-10CRFN8-BCP0_08022024121249_80187204,1
3557080,Midea,MWAUQB-12CRFN8-BCN10,,,13.5,19.2,22.0,56.9,12000,115,Window,Does Not Straddle Window or Windowsill,0,0,"3. Without reverse cycle, with louvered sides, and 8,000 to 13,999 Btu/h",1,R-32,R-32 (GWP:675 | Lower GWP),15.0,,600.0,0,2024-08-02,2024-08-02,"United States, Canada",ES_1138537_MWAUQB-12CRFN8-BCN10_08022024121249_80101057,0
3557083,Midea,MWAUQB-12CRFN8-BCN12,,,13.5,19.2,22.0,56.9,12000,115,Window,Straddles Window,1,0,"3. Without reverse cycle, with louvered sides, and 8,000 to 13,999 Btu/h",1,R-32,R-32 (GWP:675 | Lower GWP),15.2,,592.0,0,2024-08-02,2024-08-02,"United States, Canada",ES_1138537_MWAUQB-12CRFN8-BCN12_08022024121249_80187204,0
2453263,Midea,MWAUQB-12HRFN8-BCL0,,,13.9,19.4,22.2,58.0,12000,115,Window,Straddles Window,0,1,"11. With reverse cycle, with louvered sides, and less than 20,000 Btu/h",1,R-32,R-32 (GWP:675 | Lower GWP),13.3,,677.0,0,2023-04-07,2023-04-13,"United States, Canada",ES_1138537_MWAUQB-12HRFN8-BCL0_041320230550905_1248983,0
3550237,Midea,MWCUPWHP-09HEFN8-BCL1,,,20.9,25.0,41.2,129.0,9500,115,Window,Straddles Windowsill,0,1,"11. With reverse cycle, with louvered sides, and less than 20,000 Btu/h",1,R-32,R-32 (GWP:675 | Lower GWP),17.6,,405.0,0,2024-07-01,2024-07-01,"United States, Canada",ES_1138537_MWCUPWHP-09HEFN8-BCL1_07032024122529_80215190,1
4008624,Midea,MWCUPWHP-09HEFN8-BCL1N,,,20.9,25.0,41.2,129.0,9500,115,Window,Straddles Windowsill,0,1,"11. With reverse cycle, with louvered sides, and less than 20,000 Btu/h",1,R-32,R-32 (GWP:675 | Lower GWP),17.6,,405.0,0,2025-04-02,2025-04-02,"United States, Canada",ES_1138537_MWCUPWHP-09HEFN8-BCL1N_04032025111848_80249678,1
3557074,Midea,MWCUWA-08CRFN8-BCN10,,,13.5,18.6,19.6,44.1,8000,115,Window,Does Not Straddle Window or Windowsill,0,0,"3. Without reverse cycle, with louvered sides, and 8,000 to 13,999 Btu/h",1,R-32,R-32 (GWP:675 | Lower GWP),15.0,,400.0,0,2024-08-02,2024-08-02,"United States, Canada",ES_1138537_MWCUWA-08CRFN8-BCN10_08022024121249_80187202,0
3557075,Midea,MWCUWA-10CRFN8-BCN10,,,13.5,18.6,19.6,46.1,10000,115,Window,Does Not Straddle Window or Windowsill,0,0,"3. Without reverse cycle, with louvered sides, and 8,000 to 13,999 Btu/h",1,R-32,R-32 (GWP:675 | Lower GWP),15.0,,500.0,0,2024-08-02,2024-08-02,"United States, Canada",ES_1138537_MWCUWA-10CRFN8-BCN10_08022024121249_80187202,0
2977679,Midea,MWCUWA-12CRFN8-BCN10,,,14.7,21.7,19.0,50.9,12000,115,Window,Does Not Straddle Window or Windowsill,0,0,"3. Without reverse cycle, with louvered sides, and 8,000 to 13,999 Btu/h",1,R-32,R-32 (GWP:675 | Lower GWP),15.0,,600.0,0,2023-12-19,2023-12-20,"United States, Canada",ES_1138537_MWCUWA-12CRFN8-BCN10_122020230849311_1190330,0
3557076,Midea,MWCUWA-12CRFN8-BCN10,,,14.6,19.1,21.8,50.7,12000,115,Window,Does Not Straddle Window or Windowsill,0,0,"3. Without reverse cycle, with louvered sides, and 8,000 to 13,999 Btu/h",1,R-32,R-32 (GWP:675 | Lower GWP),15.0,,600.0,0,2024-08-02,2024-08-02,"United States, Canada",ES_1138537_MWCUWA-12CRFN8-BCN10_08022024121249_80187202,0
3557077,Midea,MWCUWA-14CRFN8-BCN10,,,14.7,21.7,19.0,56.0,14000,115,Window,Does Not Straddle Window or Windowsill,0,0,"4. Without reverse cycle, with louvered sides, and 14,000 to 19,999 Btu/h",1,R-32,R-32 (GWP:675 | Lower GWP),15.0,,700.0,0,2024-08-02,2024-08-02,"United States, Canada",ES_1138537_MWCUWA-14CRFN8-BCN10_08022024121249_80187202,0
3557072,Midea,MWCUWH-18CRFN8-MCN10,",,Dual voltage 230/208",,17.9,23.6,25.4,95.9,18000,230,Window,Does Not Straddle Window or Windowsill,0,0,"4. Without reverse cycle, with louvered sides, and 14,000 to 19,999 Btu/h",1,R-32,R-32 (GWP:675 | Lower GWP),15.0,,900.0,0,2024-08-02,2024-08-02,"United States, Canada",ES_1138537_MWCUWH-18CRFN8-MCN10_08022024121249_80187203,0
3417524,Noma,043-8814-4,,810088361951,14.6,18.9,21.5,50.7,8000,115,Window,Does Not Straddle Window or Windowsill,0,0,"3. Without reverse cycle, with louvered sides, and 8,000 to 13,999 Btu/h",1,R-32,R-32 (GWP:675 | Lower GWP),15.0,,400.0,0,2024-02-20,2024-02-23,Canada,ES_1025242_043-8814-4_02212024150151_4147149,0
3417543,Noma,043-8815-2,,810088361968,14.6,18.9,21.5,53.6,10000,115,Window,Does Not Straddle Window or Windowsill,0,0,"3. Without reverse cycle, with louvered sides, and 8,000 to 13,999 Btu/h",1,R-32,R-32 (GWP:675 | Lower GWP),15.0,,500.0,0,2024-02-20,2024-02-26,Canada,ES_1025242_043-8815-2_02212024150555_9304315,0
2740368,Noma Iq,143-0087-4,,810088365232,14.6,18.9,21.5,50.7,8000,115,Window,Does Not Straddle Window or Windowsill,0,0,"3. Without reverse cycle, with louvered sides, and 8,000 to 13,999 Btu/h",1,R-32,R-32 (GWP:675 | Lower GWP),15.0,,400.0,0,2023-11-01,2023-11-20,Canada,ES_1025242_143-0087-4_11182023171753_6553460,0
3722174,Noma Iq,143-0087-4,,810088365232,13.2,18.5,18.9,44.5,8000,115,Window,Does Not Straddle Window or Windowsill,0,0,"3. Without reverse cycle, with louvered sides, and 8,000 to 13,999 Btu/h",1,R-32,R-32 (GWP:675 | Lower GWP),15.0,,400.0,0,2024-10-19,2024-04-02,Canada,ES_1025242_143-0087-4_10232024113749_4178583,0
2740369,Noma Iq,143-0088-2,,810088365249,14.6,18.9,21.5,53.6,10000,115,Window,Does Not Straddle Window or Windowsill,0,0,"3. Without reverse cycle, with louvered sides, and 8,000 to 13,999 Btu/h",1,R-32,R-32 (GWP:675 | Lower GWP),15.0,,500.0,0,2023-11-01,2023-11-20,Canada,ES_1025242_143-0088-2_11182023173258_1327020,0
3722175,Noma Iq,143-0088-2,,810088365249,13.2,18.5,18.9,46.3,10000,115,Window,Does Not Straddle Window or Windowsill,0,0,"3. Without reverse cycle, with louvered sides, and 8,000 to 13,999 Btu/h",1,R-32,R-32 (GWP:675 | Lower GWP),15.0,,500.0,0,2024-10-19,2024-06-21,Canada,ES_1025242_143-0088-2_10232024154534_3503991,0
2731999,Omni Max,OWH121CV4A,,822733420494,14.7,21.7,19.0,50.9,12000,115,Window,Does Not Straddle Window or Windowsill,0,0,"3. Without reverse cycle, with louvered sides, and 8,000 to 13,999 Btu/h",1,R-32,R-32 (GWP:675 | Lower GWP),15.0,,600.0,0,2023-10-31,2023-10-31,Canada,ES_1136068_OWH121CV4A_11012023095826_80188020,0
2608233,Perfect Aire,1PACU10000,,842149090883,13.5,19.2,22.0,54.0,10000,115,Window,Straddles Window,1,0,"3. Without reverse cycle, with louvered sides, and 8,000 to 13,999 Btu/h",1,R-32,R-32 (GWP:675 | Lower GWP),15.0,,500.0,0,2021-11-13,2021-11-13,"United States, Canada",ES_1121980_1PACU10000_07252023105119_80167523,0
2608235,Perfect Aire,1PACU12000,,842149090890,13.5,19.2,22.0,56.9,12000,115,Window,Straddles Window,1,0,"3. Without reverse cycle, with louvered sides, and 8,000 to 13,999 Btu/h",1,R-32,R-32 (GWP:675 | Lower GWP),15.0,,600.0,0,2021-11-13,2021-11-13,"United States, Canada",ES_1121980_1PACU12000_07252023105119_80167523,0
2608231,Perfect Aire,1PACU8000,,842149090876,13.5,19.2,22.0,53.1,8000,115,Window,Straddles Window,1,0,"3. Without reverse cycle, with louvered sides, and 8,000 to 13,999 Btu/h",1,R-32,R-32 (GWP:675 | Lower GWP),15.0,,400.0,0,2021-11-13,2021-11-13,"United States, Canada",ES_1121980_1PACU8000_07252023105119_80167523,0
2608234,Perfect Aire,1PACV10000,,,13.5,19.2,22.0,54.0,10000,115,Window,Straddles Window,1,0,"3. Without reverse cycle, with louvered sides, and 8,000 to 13,999 Btu/h",1,R-32,R-32 (GWP:675 | Lower GWP),15.0,,500.0,0,2023-07-25,2023-07-25,"United States, Canada",ES_1121980_1PACV10000_07252023105119_80167523,0
2608236,Perfect Aire,1PACV12000,,,13.5,19.2,22.0,56.9,12000,115,Window,Straddles Window,1,0,"3. Without reverse cycle, with louvered sides, and 8,000 to 13,999 Btu/h",1,R-32,R-32 (GWP:675 | Lower GWP),15.0,,600.0,0,2023-07-25,2023-07-25,"United States, Canada",ES_11219801PACV12000_07252023105119_80167523,0
2608232,Perfect Aire,1PACV8000,,,13.5,19.2,22.0,53.1,8000,115,Window,Straddles Window,1,0,"3. Without reverse cycle, with louvered sides, and 8,000 to 13,999 Btu/h",1,R-32,R-32 (GWP:675 | Lower GWP),15.0,,400.0,0,2023-07-25,2023-07-25,"United States, Canada",ES_1121980_1PACV8000_07252023105119_80167523,0
3360724,Richmond,RMV08A10A,,724587445206,13.2,18.5,18.9,44.5,8000,115,Window,Does Not Straddle Window or Windowsill,0,0,"3. Without reverse cycle, with louvered sides, and 8,000 to 13,999 Btu/h",1,R-32,R-32 (GWP:675 | Lower GWP),15.0,,400.0,0,2024-01-06,2024-01-11,United States,ES_31705_RMV08A10A_01092024140007_3981286,0
3360726,Richmond,RMV10A10A,,724587445213,13.2,18.5,18.9,46.3,10000,115,Window,Does Not Straddle Window or Windowsill,0,0,"3. Without reverse cycle, with louvered sides, and 8,000 to 13,999 Btu/h",1,R-32,R-32 (GWP:675 | Lower GWP),15.0,,500.0,0,2024-01-06,2024-01-11,United States,ES_31705_RMV10A10A_01092024140604_7347680,0
3360725,Richmond,RMV12A10A,,724587445220,14.6,18.9,21.5,59.5,12000,115,Window,Does Not Straddle Window or Windowsill,0,0,"3. Without reverse cycle, with louvered sides, and 8,000 to 13,999 Btu/h",1,R-32,R-32 (GWP:675 | Lower GWP),15.0,,600.0,0,2024-01-06,2024-01-11,United States,ES_31705_RMV12A10A_01092024141250_4641687,0
3618361,Rovsun,TIWC-08CRD1,,810158422391,13.4,20.7,19.3,56.2,8000,115,Window,Does Not Straddle Window or Windowsill,0,0,"3. Without reverse cycle, with louvered sides, and 8,000 to 13,999 Btu/h",1,R-32,R-32 (GWP:675 | Lower GWP),15.0,,400.0,0,2024-07-25,2024-08-06,"United States, Canada",ES_1151028_TIWC-08CRD1_08032024091545_3926965,0
3619556,Rovsun,TIWC-08CRD1,,810158422391,13.4,20.7,19.3,56.2,8000,115,Window,Does Not Straddle Window or Windowsill,0,0,"3. Without reverse cycle, with louvered sides, and 8,000 to 13,999 Btu/h",1,R-32,R-32 (GWP:675 | Lower GWP),15.0,,400.0,0,2024-07-25,2024-08-13,"United States, Canada",ES_1151028_TIWC-08CRD1_08032024091545_8493291,0
3619557,Rovsun,TIWC-10CRD1,,810158422407,13.4,20.7,19.3,57.8,10000,115,Window,Does Not Straddle Window or Windowsill,0,0,"3. Without reverse cycle, with louvered sides, and 8,000 to 13,999 Btu/h",1,R-32,R-32 (GWP:675 | Lower GWP),15.0,,500.0,0,2024-07-25,2024-08-13,"United States, Canada",ES_1151028_TIWC-10CRD1_08032024092400_9676782,0
3619559,Rovsun,TIWC-12CRD1,,810158422414,13.4,20.7,19.3,58.6,12000,115,Window,Does Not Straddle Window or Windowsill,0,0,"3. Without reverse cycle, with louvered sides, and 8,000 to 13,999 Btu/h",1,R-32,R-32 (GWP:675 | Lower GWP),15.0,,600.0,0,2024-07-25,2024-08-13,"United States, Canada",ES_1151028_TIWC-12CRD1_08032024093110_4237024,0
4480912,Tcl,H10W4KW,,,16.1,24.2,20.7,63.9,10000,115,Window,Straddles Window,1,0,"3. Without reverse cycle, with louvered sides, and 8,000 to 13,999 Btu/h",1,R-32,R-32 (GWP:675 | Lower GWP),15.0,,500.0,0,2025-02-08,2025-01-15,"United States, Canada",ES_1126578_H10W4KW_07302025121421_80239506,0
4480913,Tcl,H10W4KW-CA,,,16.1,24.2,20.7,63.9,10000,115,Window,Straddles Window,1,0,"3. Without reverse cycle, with louvered sides, and 8,000 to 13,999 Btu/h",1,R-32,R-32 (GWP:675 | Lower GWP),15.0,,500.0,0,2025-02-08,2025-01-15,"United States, Canada",ES_1126578_H10W4KW-CA_07302025121421_80239506,0
2839209,Tcl,H10W4MW,",H10W4MW-CA,",846042070959;846042071215,14.0,23.0,18.8,58.4,10000,115,Window,Does Not Straddle Window or Windowsill,0,0,"3. Without reverse cycle, with louvered sides, and 8,000 to 13,999 Btu/h",1,R-32,R-32 (GWP:675 | Lower GWP),15.0,,500.0,0,2023-11-27,2023-12-08,"United States, Canada",ES_1126578_H10W4MW_12052023110020_8521539,0
4480914,Tcl,H12W4KW,,,16.1,24.2,20.7,65.0,12000,115,Window,Straddles Window,1,0,"3. Without reverse cycle, with louvered sides, and 8,000 to 13,999 Btu/h",1,R-32,R-32 (GWP:675 | Lower GWP),15.0,,600.0,0,2025-02-08,2025-01-15,"United States, Canada",ES_1126578_H12W4KW_07302025121421_80239506,0
4480915,Tcl,H12W4KW-CA,,,16.1,24.2,20.7,65.0,12000,115,Window,Straddles Window,1,0,"3. Without reverse cycle, with louvered sides, and 8,000 to 13,999 Btu/h",1,R-32,R-32 (GWP:675 | Lower GWP),15.0,,600.0,0,2025-02-08,2025-01-15,"United States, Canada",ES_1126578_H12W4KW-CA_07302025121421_80239506,0
4480917,Tcl,H12W4KWH,,,20.1,30.0,28.8,94.7,12000,115,Window,Straddles Window,1,0,"3. Without reverse cycle, with louvered sides, and 8,000 to 13,999 Btu/h",1,R-32,R-32 (GWP:675 | Lower GWP),15.2,,592.0,0,2025-02-08,2024-12-26,"United States, Canada",ES_1126578_H12W4KWH_07302025121421_80239506,0
4480918,Tcl,H12W4KWH-CA,,,20.1,30.0,28.8,94.7,12000,115,Window,Straddles Window,1,0,"3. Without reverse cycle, with louvered sides, and 8,000 to 13,999 Btu/h",1,R-32,R-32 (GWP:675 | Lower GWP),15.2,,592.0,0,2025-02-08,2024-12-26,"United States, Canada",ES_1126578_H12W4KWH-CA_07302025121421_80239506,0
2839001,Tcl,H12W4MW,",H12W4MW-CA,",846042071178;846042071239,14.0,23.0,18.8,59.5,12000,115,Window,Does Not Straddle Window or Windowsill,0,0,"3. Without reverse cycle, with louvered sides, and 8,000 to 13,999 Btu/h",1,R-32,R-32 (GWP:675 | Lower GWP),15.0,,600.0,0,2023-11-27,2023-12-07,"United States, Canada",ES_1126578_H12W4MW_12052023110754_2446863,0
3845224,Tcl,H15W4KW ,,846042097598,15.3,26.0,27.5,102.0,15000,115,Window,Straddles Window,1,0,"4. Without reverse cycle, with louvered sides, and 14,000 to 19,999 Btu/h",1,R-32,R-32 (GWP:675 | Lower GWP),14.4,,781.0,0,2024-12-10,2024-03-11,"United States, Canada",ES_1126578_H15W4KW_12102024105744_80172671,0
3845227,Tcl,H15W4KW-CA,,846042030946,15.3,26.0,27.5,102.0,15000,115,Window,Straddles Window,1,0,"4. Without reverse cycle, with louvered sides, and 14,000 to 19,999 Btu/h",1,R-32,R-32 (GWP:675 | Lower GWP),14.4,,781.0,0,2024-12-10,2024-03-11,"United States, Canada",ES_1126578_H15W4KW-CA_12102024105744_80172671,0
3845225,Tcl,H18W4KW,,846042097604,15.3,26.0,27.5,116.0,18000,230,Window,Straddles Window,1,0,"4. Without reverse cycle, with louvered sides, and 14,000 to 19,999 Btu/h",1,R-32,R-32 (GWP:675 | Lower GWP),14.4,,938.0,0,2024-12-10,2024-03-11,"United States, Canada",ES_1126578_H18W4KW_12102024105744_80172671,0
3845228,Tcl,H18W4KW-CA,,846042030953,15.3,26.0,27.5,116.0,18000,230,Window,Straddles Window,1,0,"4. Without reverse cycle, with louvered sides, and 14,000 to 19,999 Btu/h",1,R-32,R-32 (GWP:675 | Lower GWP),14.4,,938.0,0,2024-12-10,2024-03-11,"United States, Canada",ES_1126578_H18W4KW-CA_12102024105744_80172671,0
4480910,Tcl,H8W4KW,,,16.1,24.2,20.7,61.7,8000,115,Window,Straddles Window,1,0,"3. Without reverse cycle, with louvered sides, and 8,000 to 13,999 Btu/h",1,R-32,R-32 (GWP:675 | Lower GWP),15.0,,400.0,0,2025-02-08,2025-01-15,"United States, Canada",ES_1126578_H8W4KW_07302025121421_80239506,0
4480911,Tcl,H8W4KW-CA,,,16.1,24.2,20.7,61.7,8000,115,Window,Straddles Window,1,0,"3. Without reverse cycle, with louvered sides, and 8,000 to 13,999 Btu/h",1,R-32,R-32 (GWP:675 | Lower GWP),15.0,,400.0,0,2025-02-08,2025-01-15,"United States, Canada",ES_1126578_H8W4KW-CA_07302025121421_80239506,0
2839000,Tcl,H8W4MW,",H8W4MW-CA,",846042070935;846042071192,14.0,23.0,18.8,57.3,8000,115,Window,Does Not Straddle Window or Windowsill,0,0,"3. Without reverse cycle, with louvered sides, and 8,000 to 13,999 Btu/h",1,R-32,R-32 (GWP:675 | Lower GWP),15.0,,400.0,0,2023-11-27,2023-12-07,"United States, Canada",ES_1126578_H8W4MW_12052023105345_5636102,0
4480916,Tcl,KCR-35/YXRDBp(E1/6)(080002),,,20.1,30.0,28.8,94.7,12000,115,Window,Straddles Window,1,0,"3. Without reverse cycle, with louvered sides, and 8,000 to 13,999 Btu/h",1,R-32,R-32 (GWP:675 | Lower GWP),15.2,,592.0,0,2025-02-08,2024-12-26,"United States, Canada",ES_1126578_KCR-35/YXRDBp(E1/6)(080002)_07302025121421_80239506,0
4481483,Tcl,T08WQ2S,,,16.1,24.2,20.7,61.7,8000,115,Window,Straddles Window,1,0,"3. Without reverse cycle, with louvered sides, and 8,000 to 13,999 Btu/h",1,R-32,R-32 (GWP:675 | Lower GWP),15.0,,400.0,0,2025-08-21,2025-08-21,"United States, Canada",ES_1126578_T08WQ2S_08212025130747_80267014,0
4481484,Tcl,T10WQ2S,,,16.1,24.2,20.7,63.9,10000,115,Window,Straddles Window,1,0,"3. Without reverse cycle, with louvered sides, and 8,000 to 13,999 Btu/h",1,R-32,R-32 (GWP:675 | Lower GWP),15.0,,500.0,0,2025-08-21,2025-08-21,"United States, Canada",ES_1126578_T10WQ2S_08212025130747_80267014,0
4016213,Midea,MAW14RV1CWT,,840296516768,14.7,21.7,19.0,56.0,14000,115,Window,Does Not Straddle Window or Windowsill,0,0,"4. Without reverse cycle, with louvered sides, and 14,000 to 19,999 Btu/h",1,R-32,R-32 (GWP:675 | Lower GWP),15.0,,700.0,0,2025-04-08,2025-04-08,"United States, Canada",ES_1138537_MAW14RV1CWT_04232025082950_80247253,0
3722645,Midea,MAW14S1VWT-A,,840296513989,14.7,21.7,19.0,56.0,14000,115,Window,Does Not Straddle Window or Windowsill,0,0,"4. Without reverse cycle, with louvered sides, and 14,000 to 19,999 Btu/h",1,R-32,R-32 (GWP:675 | Lower GWP),15.0,,700.0,0,2024-11-08,2024-11-08,"United States, Canada",ES_1138537_MAW14S1VWT-A_11112024113144_80231930,0
3892181,Midea,MAW14S1VWWT-T,,840296515358,14.7,22.0,19.0,56.0,14000,115,Window,Does Not Straddle Window or Windowsill,0,0,"4. Without reverse cycle, with louvered sides, and 14,000 to 19,999 Btu/h",1,R-32,R-32 (GWP:675 | Lower GWP),15.0,,700.0,0,2024-12-25,2024-12-25,"United States, Canada",ES_1138537_MAW14S1VWWT-T_01022025143937_80238858,0
4498968,Midea,MAW14V1YWT-S,,840296519219,14.7,21.7,19.0,56.0,14000,115,Window,Does Not Straddle Window or Windowsill,0,0,"4. Without reverse cycle, with louvered sides, and 14,000 to 19,999 Btu/h",1,R-32,R-32 (GWP:675 | Lower GWP),15.0,,700.0,0,2025-09-12,2025-09-12,"United States, Canada",ES_1132323_MAW14V1YWT-S_09152025123819_80268567,0
3354620,Midea,MAW18R2VWT,",,Dual voltage 230/208",840296509241,17.9,23.6,25.4,95.9,18000,230,Window,Does Not Straddle Window or Windowsill,0,0,"4. Without reverse cycle, with louvered sides, and 14,000 to 19,999 Btu/h",1,R-32,R-32 (GWP:675 | Lower GWP),15.0,,900.0,0,2023-12-28,2023-12-28,"United States, Canada",ES_1138537_MAW18R2VWT_01022024125349_80195322,0
3478036,Midea,MAW18R2VWT,",,Dual voltage 230/208",840296511497,17.9,23.6,25.4,95.9,18000,230,Window,Does Not Straddle Window or Windowsill,0,0,"4. Without reverse cycle, with louvered sides, and 14,000 to 19,999 Btu/h",1,R-32,R-32 (GWP:675 | Lower GWP),15.0,,900.0,0,2024-05-14,2024-05-14,"United States, Canada",ES_1138537_MAW18R2VWT_05142024114309_80211638,0
4481106,Midea,MAW18RV1CWT,",,Dual voltage 230/208",,17.9,23.6,25.4,95.9,18000,230,Window,Does Not Straddle Window or Windowsill,0,0,"4. Without reverse cycle, with louvered sides, and 14,000 to 19,999 Btu/h",1,R-32,R-32 (GWP:675 | Lower GWP),15.0,,900.0,0,2025-08-06,2025-08-06,"United States, Canada",ES_1138537_MAW18RV1CWT_08062025155914_80264057,0
3722639,Midea,MAW18S2VWT-A,",,Dual voltage 230/208",840296513996,17.9,23.6,25.4,95.9,18000,230,Window,Does Not Straddle Window or Windowsill,0,0,"4. Without reverse cycle, with louvered sides, and 14,000 to 19,999 Btu/h",1,R-32,R-32 (GWP:675 | Lower GWP),15.0,,900.0,0,2024-11-08,2024-11-08,"United States, Canada",ES_1138537_MAW18S2VWT-A_11112024113144_80231930,0
2620518,Midea,MW08MSWBA1RCM,,687636006158,13.5,19.2,22.0,53.1,8000,115,Window,Straddles Window,1,0,"3. Without reverse cycle, with louvered sides, and 8,000 to 13,999 Btu/h",1,R-32,R-32 (GWP:675 | Lower GWP),15.0,,400.0,0,2023-07-18,2023-07-18,"United States, Canada",ES_1138537_MW08MSWBA1RCM_07272023171057_80176132,0
2620519,Midea,MW08MSWBA5RCM,,687636005960,13.5,19.2,22.0,53.1,8000,115,Window,Straddles Window,1,0,"3. Without reverse cycle, with louvered sides, and 8,000 to 13,999 Btu/h",1,R-32,R-32 (GWP:675 | Lower GWP),15.0,,400.0,0,2023-07-18,2023-07-18,"United States, Canada",ES_1138537_MW08MSWBA5RCM_07272023171057_80176132,0
2620521,Midea,MW10MSWBA5RCM,,687636006554,13.5,19.2,22.0,53.1,10000,115,Window,Straddles Window,1,0,"3. Without reverse cycle, with louvered sides, and 8,000 to 13,999 Btu/h",1,R-32,R-32 (GWP:675 | Lower GWP),15.0,,500.0,0,2023-07-18,2023-07-18,"United States, Canada",ES_1138537_MW10MSWBA5RCM_07272023171057_80176132,0
2620522,Midea,MW10MSWBA6RCM,,687636006615,13.5,19.2,22.0,53.1,10000,115,Window,Straddles Window,1,0,"3. Without reverse cycle, with louvered sides, and 8,000 to 13,999 Btu/h",1,R-32,R-32 (GWP:675 | Lower GWP),15.0,,500.0,0,2023-07-18,2023-07-18,"United States, Canada",ES_1138537_MW10MSWBA6RCM_07272023171057_80176132,0
2620526,Midea,MW12MSWBA5RCM,,687636005984,13.5,19.2,22.0,53.1,12000,115,Window,Straddles Window,1,0,"3. Without reverse cycle, with louvered sides, and 8,000 to 13,999 Btu/h",1,R-32,R-32 (GWP:675 | Lower GWP),15.0,,600.0,0,2023-07-18,2023-07-18,"United States, Canada",ES_1138537_MW12MSWBA5RCM_07272023171057_80176132,0
3890975,Keplerx,KARC12RSVE1,,810112573282,14.6,19.1,21.8,50.7,12000,115,Window,Does Not Straddle Window or Windowsill,0,0,"3. Without reverse cycle, with louvered sides, and 8,000 to 13,999 Btu/h",1,R-32,R-32 (GWP:675 | Lower GWP),15.0,,600.0,0,2024-12-13,2024-12-13,"United States, Canada",ES_1055302_KARC12RSVE1_12132024113552,0
3890976,Keplerx,KARC14RSVE1,,810112573299,14.7,21.7,19.0,56.0,14000,115,Window,Does Not Straddle Window or Windowsill,0,0,"4. Without reverse cycle, with louvered sides, and 14,000 to 19,999 Btu/h",1,R-32,R-32 (GWP:675 | Lower GWP),15.0,,700.0,0,2024-12-13,2024-12-13,"United States, Canada",ES_1055302_KARC14RSVE1_12132024113552,0
3890973,Keplerx,KARC8RSVE1,,810112573268,13.5,18.6,19.6,44.1,8000,115,Window,Does Not Straddle Window or Windowsill,0,0,"3. Without reverse cycle, with louvered sides, and 8,000 to 13,999 Btu/h",1,R-32,R-32 (GWP:675 | Lower GWP),15.0,,400.0,0,2024-12-13,2024-12-13,"United States, Canada",ES_1055302_KARC8RSVE1_12132024113552,0
3890977,Keplerx,KBRC18RSVE2,,810112573305,17.9,23.6,25.4,95.9,18000,230,Window,Does Not Straddle Window or Windowsill,0,0,"4. Without reverse cycle, with louvered sides, and 14,000 to 19,999 Btu/h",1,R-32,R-32 (GWP:675 | Lower GWP),15.0,,900.0,0,2024-12-13,2024-12-13,"United States, Canada",ES_1055302_KBRC18RSVE2_12132024113552,0
3798689,Keystone,KSTAW081WA,,840148729759,13.5,18.6,19.6,44.1,8000,115,Window,Does Not Straddle Window or Windowsill,0,0,"3. Without reverse cycle, with louvered sides, and 8,000 to 13,999 Btu/h",1,R-32,R-32 (GWP:675 | Lower GWP),15.0,,400.0,0,2024-11-24,2024-11-14,"United States, Canada",ES_1055302_KSTAW081WA_11142024120904_80206320,0
3387781,Keystone,KSTAW08INV,,840148724358,13.5,19.2,22.0,53.1,8000,115,Window,Straddles Window,1,0,"3. Without reverse cycle, with louvered sides, and 8,000 to 13,999 Btu/h",1,R-32,R-32 (GWP:675 | Lower GWP),15.0,,400.0,0,2024-01-29,2024-01-29,"United States, Canada",ES_1055302_KSTAW08INV_01292024112932_80198612,0
2453073,Keystone,KSTAW08INV-HC,,840148724389,13.9,19.4,22.2,56.0,8000,115,Window,Straddles Window,0,1,"11. With reverse cycle, with louvered sides, and less than 20,000 Btu/h",1,R-32,R-32 (GWP:675 | Lower GWP),14.5,,414.0,0,2023-04-04,2023-04-07,"United States, Canada",ES_1055302_KSTAW08INV-HC_040720230730708_5821191,1
3798690,Keystone,KSTAW101WA,,840148729766,13.5,18.6,19.6,46.1,10000,115,Window,Does Not Straddle Window or Windowsill,0,0,"3. Without reverse cycle, with louvered sides, and 8,000 to 13,999 Btu/h",1,R-32,R-32 (GWP:675 | Lower GWP),15.0,,500.0,0,2024-11-24,2024-11-14,"United States, Canada",ES_1055302_KSTAW101WA_11142024120904_80206320,0
3387782,Keystone,KSTAW10INV,,840148724365,13.5,19.2,22.0,54.0,10000,115,Window,Straddles Window,1,0,"3. Without reverse cycle, with louvered sides, and 8,000 to 13,999 Btu/h",1,R-32,R-32 (GWP:675 | Lower GWP),15.0,,500.0,0,2024-01-29,2024-01-29,"United States, Canada",ES_1055302_KSTAW10INV_01292024112932_80198612,0
3798691,Keystone,KSTAW121WA,,840148729773,14.6,19.1,21.8,50.7,12000,115,Window,Does Not Straddle Window or Windowsill,0,0,"3. Without reverse cycle, with louvered sides, and 8,000 to 13,999 Btu/h",1,R-32,R-32 (GWP:675 | Lower GWP),15.0,,600.0,0,2024-11-24,2024-11-14,"United States, Canada",ES_1055302_KSTAW121WA_11142024120904_80206320,0
3387783,Keystone,KSTAW12INV,,840148724372,13.5,19.2,22.0,56.9,12000,115,Window,Straddles Window,1,0,"3. Without reverse cycle, with louvered sides, and 8,000 to 13,999 Btu/h",1,R-32,R-32 (GWP:675 | Lower GWP),15.0,,600.0,0,2024-01-29,2024-01-29,"United States, Canada",ES_1055302_KSTAW12INV_01292024112932_80198612,0
2453074,Keystone,KSTAW12INV-HC,,840148724396,13.9,19.4,22.2,58.0,12000,115,Window,Straddles Window,0,1,"11. With reverse cycle, with louvered sides, and less than 20,000 Btu/h",1,R-32,R-32 (GWP:675 | Lower GWP),13.3,,677.0,0,2023-04-04,2023-04-07,"United States, Canada",ES_1055302_KSTAW12INV-HC_040720230733943_5670808,0
3890971,Keystone,KSTAW141WA,,,14.7,21.7,19.0,56.0,14000,115,Window,Does Not Straddle Window or Windowsill,0,0,"4. Without reverse cycle, with louvered sides, and 14,000 to 19,999 Btu/h",1,R-32,R-32 (GWP:675 | Lower GWP),15.0,,700.0,0,2024-12-13,2024-12-13,"United States, Canada",ES_1055302_KSTAW141WA_12132024113552,0
3798692,Keystone,KSTAW182WA,",,Dual voltage 230/208",840148729797,17.9,23.6,25.4,95.9,18000,230,Window,Does Not Straddle Window or Windowsill,0,0,"4. Without reverse cycle, with louvered sides, and 14,000 to 19,999 Btu/h",1,R-32,R-32 (GWP:675 | Lower GWP),15.0,,900.0,0,2024-11-24,2024-11-14,"United States, Canada",ES_1055302_KSTAW182WA_11142024120904_80206320,0
4480276,Kinghome,KHWA09IN,,,15.3,26.0,27.5,116.0,9300,115,Window,Straddles Window,1,1,"11. With reverse cycle, with louvered sides, and less than 20,000 Btu/h",1,R-32,R-32 (GWP:675 | Lower GWP),14.4,,484.0,0,2025-06-15,2025-06-16,"United States, Canada",ES_1105164_KHWA09IN_07252025115409_80258695,1
3942841,Ktaxon,TIWC-08CRD1,,198715886443,13.4,20.7,19.3,56.2,8000,115,Window,Does Not Straddle Window or Windowsill,0,0,"3. Without reverse cycle, with louvered sides, and 8,000 to 13,999 Btu/h",1,R-32,R-32 (GWP:675 | Lower GWP),15.0,,400.0,0,2025-01-03,2025-01-17,"United States, Canada",ES_1151257_TIWC-08CRD1_01112025103942_2111017,0
3942842,Ktaxon,TIWC-10CRD1,,198715454147,13.4,20.7,19.3,57.8,10000,115,Window,Does Not Straddle Window or Windowsill,0,0,"3. Without reverse cycle, with louvered sides, and 8,000 to 13,999 Btu/h",1,R-32,R-32 (GWP:675 | Lower GWP),15.0,,500.0,0,2025-01-03,2025-01-17,"United States, Canada",ES_1151257_TIWC-10CRD1_01112025104241_2603723,0
3942843,Ktaxon,TIWC-12CRD1,,198715556094,13.4,20.7,19.3,58.6,12000,115,Window,Does Not Straddle Window or Windowsill,0,0,"3. Without reverse cycle, with louvered sides, and 8,000 to 13,999 Btu/h",1,R-32,R-32 (GWP:675 | Lower GWP),15.0,,600.0,0,2025-01-03,2025-01-17,"United States, Canada",ES_1151257_TIWC-12CRD1_01112025104523_7929651,0
2668628,Lg,LW1022FVSM,,048231606356,12.4,19.6,24.5,63.0,10000,116,Window,Straddles Windowsill,1,0,"3. Without reverse cycle, with louvered sides, and 8,000 to 13,999 Btu/h",1,R-32,R-32 (GWP:675 | Lower GWP),15.0,,500.0,0,2023-07-24,2023-09-27,United States,ES_1118034_LW1022FVSM_092620230505831_4537537,0
2668629,Lg,LW1022IVSM,,048231605878,12.4,19.6,24.5,63.0,10000,116,Window,Straddles Windowsill,1,0,"3. Without reverse cycle, with louvered sides, and 8,000 to 13,999 Btu/h",1,R-32,R-32 (GWP:675 | Lower GWP),15.0,,500.0,0,2023-07-24,2023-09-27,United States,ES_1118034_LW1022IVSM_092620230505166_2375181,0
2668630,Lg,LW1222IVSM,,048231605885,15.0,23.6,28.8,85.0,12000,115,Window,Straddles Window,1,0,"3. Without reverse cycle, with louvered sides, and 8,000 to 13,999 Btu/h",1,R-32,R-32 (GWP:675 | Lower GWP),15.0,,600.0,0,2023-07-24,2023-09-27,United States,ES_1118034_LW1222IVSM_092620230505865_8222880,0
2740373,Lg,LW1224IVSM,,048231607315,15.0,23.6,28.8,85.0,12000,115,Window,Does Not Straddle Window or Windowsill,1,0,"3. Without reverse cycle, with louvered sides, and 8,000 to 13,999 Btu/h",1,R-32,R-32 (GWP:675 | Lower GWP),15.0,,600.0,0,2023-11-01,2023-11-01,"United States, Canada",ES_1118034_LW1224IVSM_11202023125113_80190901,0
3360621,Lg,LW1522FVSM,,048231607421,15.0,23.6,28.8,85.0,14000,115,Window,Straddles Windowsill,1,0,"4. Without reverse cycle, with louvered sides, and 14,000 to 19,999 Btu/h",1,R-32,R-32 (GWP:675 | Lower GWP),14.7,,714.0,0,2024-01-02,2024-01-08,United States,ES_1118034_LW1522FVSM_010820240822821_2187901,0
2668627,Lg,LW1522IVSM,,048231605892,15.0,23.6,28.8,85.0,14000,115,Window,Straddles Windowsill,1,0,"4. Without reverse cycle, with louvered sides, and 14,000 to 19,999 Btu/h",1,R-32,R-32 (GWP:675 | Lower GWP),14.7,,714.0,0,2023-07-24,2023-09-27,United States,ES_1118034_LW1522IVSM_092620230506611_6980335,0
2687060,Lg,LW1822IVSM,,048231605908,17.7,26.0,30.7,112.0,18000,230,Window,Does Not Straddle Window or Windowsill,1,0,"4. Without reverse cycle, with louvered sides, and 14,000 to 19,999 Btu/h",1,R-32,R-32 (GWP:675 | Lower GWP),14.7,,918.0,0,2023-08-28,2023-09-18,"United States, Canada",ES_1118034_LW1822IVSM_09222023104627_80182318,0
2687059,Lg,LW6023IVSM,,048231606752,12.4,19.6,24.5,62.0,6000,115,Window,Does Not Straddle Window or Windowsill,0,0,"2. Without reverse cycle, with louvered sides, and 6,000 to 7,999 Btu/h",1,R-32,R-32 (GWP:675 | Lower GWP),15.5,,290.0,0,2023-08-28,2023-09-18,"United States, Canada",ES_1118034_LW6023IVSM_09222023104621_80182319,1
2668624,Lg,LW8022IVSM,,048231605861,12.4,19.6,24.5,63.0,8000,115,Window,Straddles Windowsill,1,0,"3. Without reverse cycle, with louvered sides, and 8,000 to 13,999 Btu/h",1,R-32,R-32 (GWP:675 | Lower GWP),15.5,,387.0,0,2023-07-24,2023-09-27,United States,ES_1118034_LW8022IVSM_092620230506716_3115438,0
2740372,Lg,LW8024IVSM,,048231607308,15.0,23.6,28.8,85.0,8500,115,Window,Does Not Straddle Window or Windowsill,1,0,"3. Without reverse cycle, with louvered sides, and 8,000 to 13,999 Btu/h",1,R-32,R-32 (GWP:675 | Lower GWP),15.0,,425.0,0,2023-11-01,2023-11-01,"United States, Canada",ES_1118034_LW8024IVSM_11202023125113_80190902,0
2453038,Lubeck,57H-ID0-B12HRFN8BCL0,,202301946727,13.9,19.4,22.2,58.0,12000,115,Window,Straddles Window,0,1,"11. With reverse cycle, with louvered sides, and less than 20,000 Btu/h",1,R-32,R-32 (GWP:675 | Lower GWP),13.3,,677.0,0,2023-03-22,2023-04-06,"United States, Canada",ES_1127347_57H-ID0-B12HRFN8BCL0_040620230327410_9654989,0
2740429,Midea,1010451315,,840296508350,13.5,19.2,22.0,54.3,8000,115,Window,Straddles Window,1,0,"3. Without reverse cycle, with louvered sides, and 8,000 to 13,999 Btu/h",1,R-32,R-32 (GWP:675 | Lower GWP),16.0,,375.0,0,2023-11-17,2023-11-17,"United States, Canada",ES_1138537_1010451315_11212023123132_80189560,1
2740431,Midea,1010451379,,840296508374,13.5,19.2,22.0,56.9,12000,115,Window,Straddles Window,1,0,"3. Without reverse cycle, with louvered sides, and 8,000 to 13,999 Btu/h",1,R-32,R-32 (GWP:675 | Lower GWP),15.2,,592.0,0,2023-11-17,2023-11-17,"United States, Canada",ES_1138537_1010451379_11212023123132_80189560,0
2740430,Midea,1010451479,,840296508367,13.5,19.2,22.0,54.7,10000,115,Window,Straddles Window,1,0,"3. Without reverse cycle, with louvered sides, and 8,000 to 13,999 Btu/h",1,R-32,R-32 (GWP:675 | Lower GWP),16.0,,469.0,0,2023-11-17,2023-11-17,"United States, Canada",ES_1138537_1010451479_11212023123132_80189560,1
3892173,Midea,MAH09B1AGR,,840296515310,20.9,25.0,41.2,129.0,9500,115,Window,Straddles Windowsill,0,1,"11. With reverse cycle, with louvered sides, and less than 20,000 Btu/h",1,R-32,R-32 (GWP:675 | Lower GWP),17.6,,405.0,0,2024-12-25,2024-12-25,"United States, Canada",ES_1138537_MAH09B1AGR_01022025143937_80237074,1
3892174,Midea,MAH09H1AGR,,840296515303,20.9,25.0,41.2,129.0,9500,115,Window,Straddles Windowsill,0,1,"11. With reverse cycle, with louvered sides, and less than 20,000 Btu/h",1,R-32,R-32 (GWP:675 | Lower GWP),17.6,,405.0,0,2024-12-25,2024-12-25,"United States, Canada",ES_1138537_MAH09H1AGR_01022025143937_80237074,1
4008623,Midea,MAH09N1AGR,,840296516546,20.9,25.0,41.2,129.0,9500,115,Window,Straddles Windowsill,0,1,"11. With reverse cycle, with louvered sides, and less than 20,000 Btu/h",1,R-32,R-32 (GWP:675 | Lower GWP),17.6,,405.0,0,2025-04-02,2025-04-02,"United States, Canada",ES_1138537_MAH09N1AGR_04032025111848_80249678,1
4008622,Midea,MAH09S1AGR,,840296516553,20.9,25.0,41.2,129.0,9500,115,Window,Straddles Windowsill,0,1,"11. With reverse cycle, with louvered sides, and less than 20,000 Btu/h",1,R-32,R-32 (GWP:675 | Lower GWP),17.6,,405.0,0,2025-04-02,2025-04-02,"United States, Canada",ES_1138537_MAH09S1AGR_04032025111848_80249678,1
4511256,Midea,MAW06V1UBL,,840296520048,13.5,19.2,22.0,53.1,6000,115,Window,Does Not Straddle Window or Windowsill,0,0,"2. Without reverse cycle, with louvered sides, and 6,000 to 7,999 Btu/h",1,R-32,R-32 (GWP:675 | Lower GWP),15.1,,298.0,0,2025-10-13,2025-10-13,"United States, Canada",ES_1138537_MAW06V1UBL_10142025110929_80271405,1
4498966,Midea,MAW06V1UWT,,840296519455,13.5,19.2,22.0,53.1,6000,115,Window,Does Not Straddle Window or Windowsill,0,0,"2. Without reverse cycle, with louvered sides, and 6,000 to 7,999 Btu/h",1,R-32,R-32 (GWP:675 | Lower GWP),15.1,,298.0,0,2025-09-12,2025-09-12,"United States, Canada",ES_1132323_MAW06V1UWT_09152025123819_80268567,1
2620517,Midea,MAW08AV1QWT,,840296503584;840296518175,13.5,19.2,22.0,53.1,8000,115,Window,Straddles Window,1,0,"3. Without reverse cycle, with louvered sides, and 8,000 to 13,999 Btu/h",1,R-32,R-32 (GWP:675 | Lower GWP),15.0,,400.0,0,2023-07-18,2023-07-18,"United States, Canada",ES_1138537_MAW08AV1QWT_07272023171057_80176132,0
2669188,Midea,MAW08AV1QWT-C,,840296518182,13.5,19.2,22.0,53.1,8000,115,Window,Straddles Window,1,0,"3. Without reverse cycle, with louvered sides, and 8,000 to 13,999 Btu/h",1,R-32,R-32 (GWP:675 | Lower GWP),15.0,,400.0,0,2023-09-26,2023-09-26,"United States, Canada",ES_1138537_MAW08AV1QWT-C_09282023160824_80183471,0
3354576,Midea,MAW08HV1CWT,,840296509265,13.9,19.4,22.2,56.0,8000,115,Window,Does Not Straddle Window or Windowsill,0,1,"11. With reverse cycle, with louvered sides, and less than 20,000 Btu/h",1,R-32,R-32 (GWP:675 | Lower GWP),14.5,,414.0,0,2023-12-14,2024-01-02,United States,ES_1138537_MAW08HV1CWT_010220240946718_4545013,1
4016210,Midea,MAW08RV1CWT,,840296516737,13.5,18.6,19.6,44.1,8000,115,Window,Does Not Straddle Window or Windowsill,0,0,"3. Without reverse cycle, with louvered sides, and 8,000 to 13,999 Btu/h",1,R-32,R-32 (GWP:675 | Lower GWP),15.0,,400.0,0,2025-04-08,2025-04-08,"United States, Canada",ES_1138537_MAW08RV1CWT_04232025082950_80247253,0
3722642,Midea,MAW08S1VWT-A,,840296513958,13.5,18.6,19.6,44.1,8000,115,Window,Does Not Straddle Window or Windowsill,0,0,"3. Without reverse cycle, with louvered sides, and 8,000 to 13,999 Btu/h",1,R-32,R-32 (GWP:675 | Lower GWP),15.0,,400.0,0,2024-11-08,2024-11-08,"United States, Canada",ES_1138537_MAW08S1VWT-A_11112024113144_80231930,0
3892178,Midea,MAW08S1VWWT-T,,840296515327,13.5,18.6,19.6,44.1,8000,115,Window,Does Not Straddle Window or Windowsill,0,0,"3. Without reverse cycle, with louvered sides, and 8,000 to 13,999 Btu/h",1,R-32,R-32 (GWP:675 | Lower GWP),15.0,,400.0,0,2024-12-25,2024-12-25,"United States, Canada",ES_1138537_MAW08S1VWWT-T_01022025143937_80238858,0
2740432,Midea,MAW08U1QWT,,840296508350;840296518212,13.5,19.2,22.0,54.3,8000,115,Window,Straddles Window,1,0,"3. Without reverse cycle, with louvered sides, and 8,000 to 13,999 Btu/h",1,R-32,R-32 (GWP:675 | Lower GWP),16.0,,375.0,0,2023-11-17,2023-11-17,"United States, Canada",ES_1138537_MAW08U1QWT_11212023124024_80189917,1
3892175,Midea,MAW08U2QWT,,840296515259;840296518366,13.5,19.2,22.0,54.3,8000,115,Window,Straddles Window,1,0,"3. Without reverse cycle, with louvered sides, and 8,000 to 13,999 Btu/h",1,R-32,R-32 (GWP:675 | Lower GWP),16.0,,375.0,0,2024-12-25,2024-12-25,"United States, Canada",ES_1138537_MAW08U2QWT_01022025143937_ 80237251,1
2620516,Midea,MAW08V1QWT,,810004817777;840296518304,13.5,19.2,22.0,53.1,8000,115,Window,Straddles Window,1,0,"3. Without reverse cycle, with louvered sides, and 8,000 to 13,999 Btu/h",1,R-32,R-32 (GWP:675 | Lower GWP),15.0,,400.0,0,2023-07-18,2023-07-18,"United States, Canada",ES_1138537_MAW08V1QWT_07272023171057_80176132,0
4429367,Midea,MAW08V1QWT-S,,840296518243,13.5,19.2,22.0,53.2,8000,115,Window,Does Not Straddle Window or Windowsill,0,0,"3. Without reverse cycle, with louvered sides, and 8,000 to 13,999 Btu/h",1,R-32,R-32 (GWP:675 | Lower GWP),15.0,,400.0,0,2025-06-03,2025-06-03,"United States, Canada",ES_1138537_MAW08V1QWT-S_06032025110807_80256113,0
3354619,Midea,MAW08V1QWT-T,,840296508084;840296518267,13.5,19.2,22.0,53.1,8000,115,Window,Straddles Window,1,0,"3. Without reverse cycle, with louvered sides, and 8,000 to 13,999 Btu/h",1,R-32,R-32 (GWP:675 | Lower GWP),15.0,,400.0,0,2023-12-28,2023-12-28,"United States, Canada",ES_1138537_MAW08V1QWT-T_01022024125349_80195322,0
4511255,Midea,MAW08V1UWT,,840296520055,13.5,19.2,22.0,53.1,8000,115,Window,Does Not Straddle Window or Windowsill,0,0,"3. Without reverse cycle, with louvered sides, and 8,000 to 13,999 Btu/h",1,R-32,R-32 (GWP:675 | Lower GWP),15.0,,400.0,0,2025-10-13,2025-10-13,"United States, Canada",ES_1138537_MAW08V1UWT_10142025110929_80271405,0
3890972,Midea,MAW08V1YWT-S,,840296513767,13.5,19.2,22.0,53.1,8000,115,Window,Does Not Straddle Window or Windowsill,0,0,"3. Without reverse cycle, with louvered sides, and 8,000 to 13,999 Btu/h",1,R-32,R-32 (GWP:675 | Lower GWP),15.0,,400.0,0,2024-12-13,2024-12-13,"United States, Canada",ES_1055302_MAW08V1YWT-S_12132024113552,0
3722646,Midea,MAW08W1QWT,,840296513491;840296518274,13.5,19.2,22.0,53.1,8000,115,Window,Does Not Straddle Window or Windowsill,0,0,"3. Without reverse cycle, with louvered sides, and 8,000 to 13,999 Btu/h",1,R-32,R-32 (GWP:675 | Lower GWP),15.0,,400.0,0,2024-11-08,2024-11-08,"United States, Canada",ES_1138537_MAW08W1QWT_11112024113144_80231930,0
4479557,Midea,MAW08W1QWT-T,,840296518274,13.5,19.2,22.0,53.1,8000,115,Window,Does Not Straddle Window or Windowsill,0,0,"3. Without reverse cycle, with louvered sides, and 8,000 to 13,999 Btu/h",1,R-32,R-32 (GWP:675 | Lower GWP),15.0,,400.0,0,2025-07-21,2025-07-21,"United States, Canada",ES_1138537_MAW08W1QWT-T_07232025122910_80260645,0
4016211,Midea,MAW10RV1CWT,,840296516744,13.5,18.6,19.6,46.1,10000,115,Window,Does Not Straddle Window or Windowsill,0,0,"3. Without reverse cycle, with louvered sides, and 8,000 to 13,999 Btu/h",1,R-32,R-32 (GWP:675 | Lower GWP),15.0,,500.0,0,2025-04-08,2025-04-08,"United States, Canada",ES_1138537_MAW10RV1CWT_04232025082950_80247253,0
3722643,Midea,MAW10S1VWT-A,,840296513965,13.5,18.6,19.6,46.1,10000,115,Window,Does Not Straddle Window or Windowsill,0,0,"3. Without reverse cycle, with louvered sides, and 8,000 to 13,999 Btu/h",1,R-32,R-32 (GWP:675 | Lower GWP),15.0,,500.0,0,2024-11-08,2024-11-08,"United States, Canada",ES_1138537_MAW10S1VWT-A_11112024113144_80231930,0
3892179,Midea,MAW10S1VWWT-T,,840296515334,13.5,18.6,19.6,46.1,10000,115,Window,Does Not Straddle Window or Windowsill,0,0,"3. Without reverse cycle, with louvered sides, and 8,000 to 13,999 Btu/h",1,R-32,R-32 (GWP:675 | Lower GWP),15.0,,500.0,0,2024-12-25,2024-12-25,"United States, Canada",ES_1138537_MAW10S1VWWT-T_01022025143937_80238858,0
2740433,Midea,MAW10U1QWT,,840296508367;840296518229,13.5,19.2,22.0,54.7,10000,115,Window,Straddles Window,1,0,"3. Without reverse cycle, with louvered sides, and 8,000 to 13,999 Btu/h",1,R-32,R-32 (GWP:675 | Lower GWP),16.0,,469.0,0,2023-11-17,2023-11-17,"United States, Canada",ES_1138537_MAW10U1QWT_11212023124024_80189917,1
4481485,Tcl,T12WQ2S,,,16.1,24.2,20.7,65.0,12000,115,Window,Straddles Window,1,0,"3. Without reverse cycle, with louvered sides, and 8,000 to 13,999 Btu/h",1,R-32,R-32 (GWP:675 | Lower GWP),15.0,,600.0,0,2025-08-21,2025-08-21,"United States, Canada",ES_1126578_T12WQ2S_08212025130747_80267014,0
4481486,Tcl,T15WQ2S,,,15.3,26.0,27.5,102.0,15000,115,Window,Straddles Window,1,0,"4. Without reverse cycle, with louvered sides, and 14,000 to 19,999 Btu/h",1,R-32,R-32 (GWP:675 | Lower GWP),14.4,,781.0,0,2025-08-21,2025-08-21,"United States, Canada",ES_1126578_T15WQ2S_08212025130747_80267014,0
4481487,Tcl,T18WQ2S,,,15.3,26.0,27.5,116.0,18000,230,Window,Straddles Window,1,0,"4. Without reverse cycle, with louvered sides, and 14,000 to 19,999 Btu/h",1,R-32,R-32 (GWP:675 | Lower GWP),14.4,,938.0,0,2025-08-21,2025-08-21,"United States, Canada",ES_1126578_T18WQ2S_08212025130747_80267014,0
4437493,Tosot,KHWA09IN,,,15.3,26.0,27.5,116.0,9300,115,Window,Straddles Window,1,1,"11. With reverse cycle, with louvered sides, and less than 20,000 Btu/h",1,R-32,R-32 (GWP:675 | Lower GWP),14.4,,484.0,0,2025-06-15,2025-06-16,"United States, Canada",ES_1105164_KHWA09IN4_06162025123531_80258695,1
2703723,Vissani,VAWA10V4HWT,,687636008244,13.6,19.0,18.5,45.6,10000,115,Window,Does Not Straddle Window or Windowsill,0,0,"3. Without reverse cycle, with louvered sides, and 8,000 to 13,999 Btu/h",1,R-32,R-32 (GWP:675 | Lower GWP),15.0,,500.0,0,2023-10-31,2023-10-31,"United States, Canada",ES_0031912_VAWA10V4HWT_10312023171353_80188017,0
2703724,Vissani,VAWA12V4HWT,,687636008251,14.7,21.7,19.0,50.9,12000,115,Window,Does Not Straddle Window or Windowsill,0,0,"3. Without reverse cycle, with louvered sides, and 8,000 to 13,999 Btu/h",1,R-32,R-32 (GWP:675 | Lower GWP),15.0,,600.0,0,2023-10-31,2023-10-31,"United States, Canada",ES_0031912_VAWA12V4HWT_10312023171353_80188017,0
2703725,Vissani,VAWA14V4HWT,,687636008268,14.7,21.7,19.0,56.0,14000,115,Window,Does Not Straddle Window or Windowsill,0,0,"4. Without reverse cycle, with louvered sides, and 14,000 to 19,999 Btu/h",1,R-32,R-32 (GWP:675 | Lower GWP),15.0,,700.0,0,2023-10-31,2023-10-31,"United States, Canada",ES_0031912_VAWA14V4HWT_10312023171353_80188017,0
3845048,Vissani,VWL1225T,,810088367618,14.6,20.3,20.7,55.1,12000,115,Window,Straddles Window,1,0,"3. Without reverse cycle, with louvered sides, and 8,000 to 13,999 Btu/h",1,R-32,R-32 (GWP:675 | Lower GWP),15.0,,600.0,0,2025-02-27,2024-12-05,United States,ES_31912_VWL1225T_12042024104518_1522470,0
3555251,Whirlpool,WHAW-081IN,,,16.1,24.2,20.7,61.7,8000,115,Window,Straddles Window,1,0,"3. Without reverse cycle, with louvered sides, and 8,000 to 13,999 Btu/h",1,R-32,R-32 (GWP:675 | Lower GWP),15.0,,400.0,0,2024-05-16,2024-03-25,"United States, Canada",ES_1055302_WHAW-081IN_07232024104052_80200121,0
3555252,Whirlpool,WHAW-101IN,,,16.1,24.2,20.7,63.9,10000,115,Window,Straddles Window,1,0,"3. Without reverse cycle, with louvered sides, and 8,000 to 13,999 Btu/h",1,R-32,R-32 (GWP:675 | Lower GWP),15.0,,500.0,0,2024-05-16,2024-03-25,"United States, Canada",ES_1055302_WHAW-101IN_07232024104052_80200121,0
3555253,Whirlpool,WHAW-121IN,,,16.1,24.2,20.7,65.0,12000,115,Window,Straddles Window,1,0,"3. Without reverse cycle, with louvered sides, and 8,000 to 13,999 Btu/h",1,R-32,R-32 (GWP:675 | Lower GWP),15.0,,600.0,0,2024-05-16,2024-03-25,"United States, Canada",ES_1055302_WHAW-121IN_07232024104052_80200121,0
3555248,Whirlpool,WHAW-151IN,,,20.7,30.0,28.8,102.5,15000,115,Window,Straddles Window,1,0,"4. Without reverse cycle, with louvered sides, and 14,000 to 19,999 Btu/h",1,R-32,R-32 (GWP:675 | Lower GWP),14.4,,781.0,0,2024-05-16,2024-03-11,"United States, Canada",ES_1055302_WHAW-151IN_07232024104052_80200121,0
3555249,Whirlpool,WHAW-181IN,,,20.7,30.0,28.8,105.8,18000,230,Window,Straddles Window,1,0,"4. Without reverse cycle, with louvered sides, and 14,000 to 19,999 Btu/h",1,R-32,R-32 (GWP:675 | Lower GWP),14.4,,938.0,0,2024-05-16,2024-03-11,"United States, Canada",ES_1055302_WHAW-181IN_07232024104052_80200121,0
3425395,Windmill,08W2Wi,,860003069523,13.3,19.3,22.5,61.0,8000,115,Window,Does Not Straddle Window or Windowsill,1,0,"3. Without reverse cycle, with louvered sides, and 8,000 to 13,999 Btu/h",1,R-32,R-32 (GWP:675 | Lower GWP),15.0,,400.0,0,2024-03-12,2024-03-28,United States,ES_1148066_08W2Wi_03262024095555_980493,0
3425396,Windmill,10W2Wi,,860003069530,13.3,19.3,22.5,63.0,10000,115,Window,Does Not Straddle Window or Windowsill,1,0,"3. Without reverse cycle, with louvered sides, and 8,000 to 13,999 Btu/h",1,R-32,R-32 (GWP:675 | Lower GWP),15.0,,500.0,0,2024-03-12,2024-03-28,United States,ES_1148066_10W2Wi_03262024104916_9999811,0
3619555,Zokop,TIWC-08CRD1,,810158422513,13.4,20.7,19.3,56.2,8000,115,Window,Does Not Straddle Window or Windowsill,0,0,"3. Without reverse cycle, with louvered sides, and 8,000 to 13,999 Btu/h",1,R-32,R-32 (GWP:675 | Lower GWP),15.0,,400.0,0,2024-07-25,2024-08-13,"United States, Canada",ES_1151028_TIWC-08CRD1_08032024091545_7384599,0
3619558,Zokop,TIWC-10CRD1,,810158422520,13.4,20.7,19.3,57.8,10000,115,Window,Does Not Straddle Window or Windowsill,0,0,"3. Without reverse cycle, with louvered sides, and 8,000 to 13,999 Btu/h",1,R-32,R-32 (GWP:675 | Lower GWP),15.0,,500.0,0,2024-07-25,2024-08-13,"United States, Canada",ES_1151028_TIWC-10CRD1_08032024092400_0935224,0
3619560,Zokop,TIWC-12CRD1,,810158422537,13.4,20.7,19.3,58.6,12000,115,Window,Does Not Straddle Window or Windowsill,0,0,"3. Without reverse cycle, with louvered sides, and 8,000 to 13,999 Btu/h",1,R-32,R-32 (GWP:675 | Lower GWP),15.0,,600.0,0,2024-07-25,2024-08-13,"United States, Canada",ES_1151028_TIWC-12CRD1_08032024093110_8295742,0
