ENERGY STAR Unique ID,ENERGY STAR Partner,Brand Name,Model Name,Model Number,Additional Model Information,UPC,Product Type,Application,Display Type,Backlight Technology Type,Diagonal Viewable Screen Size (in.),Screen Area (sq. in.),Native Horizontal Resolution (pixels),Native Vertical Resolution (pixels),Resolution Format,High Contrast Ratio (HCR) Display,Physical Data Ports Available,Ethernet Supported,Low Power Wireless Technologies Supported,Features,Automatic Brightness Control,Is Automatic Brightness Control Enabled by Default in the Default SDR Preset Picture Setting When Television is Shipped?,Average On Mode Power Consumption for Certification (watts),Maximum Average On Mode Power for Certification (watts),Reported On Mode Power (per the Federal Test Procedure) (watts),Reported Annual Energy Consumption (kWh),Measured Standby Mode Power (Watts),Power Consumption in Standby Mode when Not Connected to a Network (watts),Power Consumption in Standby Mode when Connected to a Network (watts),"Reported Standby-Active, Low Mode Power (watts)",Date Available On Market,Date Certified,Markets,CB Model Identifier
2402123,Curtis International Ltd.,Rca,65D1,65D1,",65N1,; ,RTAU6504,; ,RTAU6540.,; ,RTRU6527,; ,RWOSU6547,; ,RWOSU6547-A,; ,RWOSU6548,; ,WR65UC4210,; ,WR65UE4210,; ,WR65UT4210,; ,WR65UT4212,; ,WR65UX4210,; ,WR65UX4210V,; ,WR65UX4212,",,Television (TV),Consumer,LCD,Direct-lit LED,64.5,1798.5,2160,3840,Other,0,"Universal Serial Bus (USB),Other,HDMI",,,,0,,117.69,147.81,117.69,216.87,,0.3,0.3,0.3,2022-10-20,2022-09-29,"United States, Canada",ES_1120898_65D1_09282022113050_6627618
2403227,"ELITELUX TECHNOLOGIES,INC./GLOBAL Q. INTERNATIONAL LIMITED",Sansui,LE-24T1,LE-24T1,",EC24T1H,; ,EC24T1HA,; ,EC24T1HN,; ,EC24T2H,; ,EC24T2HA,; ,EC24T2HN,; ,EC24T3H,; ,EC24T3HA,; ,EC24T3HN,; ,ES24T1H,; ,ES24T1HA,; ,ES24T1HN,; ,ES24T2H,; ,ES24T2HA,; ,ES24T2HN,; ,ES24T3H,; ,ES24T3HA,; ,ES24T3HN,; ,LE-24***,; ,LE-24T2,; ,LE-24T3,; ,LE-24V1,; ,LE-24V2,; ,LE-24V3,; ,NT-2406,; ,SC-2416STV,; ,TL2402H,",,Television (TV),Consumer,LCD,Direct-lit LED,23.53,236.69,768,1366,Other,0,Universal Serial Bus (USB),,,,0,,23.65,51.91,23.65,45.2,,0.29,0.29,0.29,2022-09-26,2022-10-18,"United States, Canada",ES_25251_LE-24T1_09262022155900_3996240
3554271,"ELITELUX TECHNOLOGIES,INC./GLOBAL Q. INTERNATIONAL LIMITED",Sansui,LE-24TA1,LE-24TA1,",****24****.,; ,C24V1HW,; ,C24VAHW,; ,LE-24T1,; ,LE-24T2,; ,LE-24T3,; ,LE-24TA2,; ,LE-24TA3,; ,LE-24V1,; ,LE-24V2,; ,LE-24V3,; ,LE-24VA1,; ,LE-24VA2,; ,LE-24VA3,; ,LE-24VB1,; ,LE-24VB2,; ,LE-24VB3,; ,S24T1HW,; ,S24TAHW,; ,S24V1HW,; ,S24VAHW,",,Television (TV),Consumer,LCD,Direct-lit LED,23.48,236.51,768,1366,Standard Definition (SD),0,"Universal Serial Bus (USB),HDMI",,,,0,,24.32,44.72,35.64,46.73,0.34,0.27,0.34,1.0,2024-07-02,2024-07-15,"United States, Canada",ES_25251_LE-24TA1_07012024093140_7212030
2399940,"ELITELUX TECHNOLOGIES,INC./GLOBAL Q. INTERNATIONAL LIMITED",Sansui,LE-32T1,LE-32T1,",EC32T1H,; ,EC32T1HA,; ,EC32T1HN,; ,EC32T2H,; ,EC32T2H,; ,EC32T2HA,; ,EC32T2HN,; ,EC32T3H,; ,EC32T3H,; ,EC32T3HA,; ,EC32T3HN,; ,EC32V1HA,; ,EC32V1HN,; ,EC32V2HA,; ,EC32V2HN,; ,EC32V3HA,; ,EC32V3HN,; ,ES32T1H,; ,ES32T1HA,; ,ES32T1HN,; ,ES32T2H,; ,ES32T2HA,; ,ES32T2HN,; ,ES32T3H,; ,ES32T3HA,; ,ES32T3HN,; ,ES32V1HA,; ,ES32V1HN,; ,ES32V2HA,; ,ES32V2HN,; ,ES32V3HA,; ,ES32V3HN,; ,LE-32***,; ,LE-32V1,; ,LE/32T1,; ,NT-3206,; ,SC-3216STV,; ,SL3221VN,; ,SL32XXXX,; ,TL3202H,",,Television (TV),Consumer,LCD,Direct-lit LED,31.5,421.69,768,1366,Other,0,Universal Serial Bus (USB),,,,0,,28.4,63.28,28.4,54.0,,0.31,0.31,0.31,2022-10-14,2022-07-29,"United States, Canada",ES_25251_LE-32T1_08012022115139_122644
3554326,"ELITELUX TECHNOLOGIES,INC./GLOBAL Q. INTERNATIONAL LIMITED",Sansui,LE-32V1,LE-32V1,",****32****.,; ,C32V1FW,; ,C32V1HW,; ,C32VAFW,; ,C32VAHW,; ,LE-32T1,; ,LE-32T1,; ,LE-32T2,; ,LE-32T2,; ,LE-32T3,; ,LE-32TA1,; ,LE-32TA2,; ,LE-32TA3,; ,LE-32V2,; ,LE-32V3,; ,LE-32V3,; ,LE-32VA1,; ,LE-32VA2,; ,LE-32VA3,; ,LE-32VB1,; ,LE-32VB2,; ,LE-32VB3,; ,S32V1FW,; ,S32V1HW,; ,S32VAFW,; ,S32VAHW,",,Television (TV),Consumer,LCD,Direct-lit LED,31.43,423.36,768,1366,Standard Definition (SD),0,"Universal Serial Bus (USB),HDMI",,,,0,,34.76,52.26,34.76,65.59,0.33,0.27,0.33,1.0,2024-07-03,2024-07-16,"United States, Canada",ES_25251_LE-32V1_07032024142750_541192
3477608,"ELITELUX TECHNOLOGIES,INC./GLOBAL Q. INTERNATIONAL LIMITED",Sansui,LE-32VA1,LE-32VA1,",*****32*****.,; ,LE-32T1,; ,LE-32T2,; ,LE-32T3,; ,LE-32TA1,; ,LE-32TA2,; ,LE-32TA3,; ,LE-32V1,; ,LE-32V2,; ,LE-32V3,; ,LE-32VA2,; ,LE-32VA3,; ,LE-32VB1,; ,LE-32VB2,; ,LE-32VB3,; ,LE-32VH1,; ,LE-32VH2,; ,LE-32VH3,; ,LE-32VS1,; ,LE-32VS2,; ,LE-32VS3,; ,S32VAHW,",,Television (TV),Consumer,LCD,Direct-lit LED,31.47,425.52,768,1366,High Definition (HD),0,"Universal Serial Bus (USB),HDMI",,,,0,,35.64,58.02,35.64,67.19,,0.29,0.29,0.0,2024-04-26,2024-05-06,"United States, Canada",ES_25251_LE-32VA1_04242024134641_6894342
3554325,"ELITELUX TECHNOLOGIES,INC./GLOBAL Q. INTERNATIONAL LIMITED",Sansui,LE-40TA1,LE-40TA1,",****40****.,; ,C40V1FW,; ,C40VAFW,; ,LE-40T1,; ,LE-40T2,; ,LE-40T3,; ,LE-40TA2,; ,LE-40TA3,; ,LE-40V1,; ,LE-40V2,; ,LE-40V3,; ,LE-40VA1,; ,LE-40VA2,; ,LE-40VA3,; ,LE-40VB1,; ,LE-40VB2,; ,LE-40VB3,; ,S40V1FW,; ,S40VAFW,",,Television (TV),Consumer,LCD,Direct-lit LED,39.46,695.29,1080,1920,High Definition (HD),0,"Universal Serial Bus (USB),HDMI",,,,0,,54.85,77.36,54.85,103.5,0.33,0.42,0.49,1.0,2024-07-09,2024-07-16,"United States, Canada",ES_25251_LE-40TA1_07092024151436_1926080
3477693,"ELITELUX TECHNOLOGIES,INC./GLOBAL Q. INTERNATIONAL LIMITED",Sansui,LE-40VA1,LE-40VA1,",*****40*****.,; ,LE-40T1,; ,LE-40T2,; ,LE-40T3,; ,LE-40TA1,; ,LE-40TA2,; ,LE-40TA3,; ,LE-40V1,; ,LE-40V2,; ,LE-40V3,; ,LE-40VA2,; ,LE-40VA3,; ,LE-40VB1,; ,LE-40VB2,; ,LE-40VB3,; ,LE-40VH1,; ,LE-40VH2,; ,LE-40VH3,; ,LE-40VS1,; ,LE-40VS2,; ,LE-40VS3,; ,S40VAFW,",,Television (TV),Consumer,LCD,Direct-lit LED,49.61,645.65,1080,1920,Other,0,"Universal Serial Bus (USB),HDMI",,,,0,,68.37,90.6,68.37,126.94,,0.44,0.5,0.0,2024-04-26,2024-05-07,"United States, Canada",ES_25251_LE-40VA1_04232024175748_7661096
3554699,"ELITELUX TECHNOLOGIES,INC./GLOBAL Q. INTERNATIONAL LIMITED",Sansui,LE-43V1,LE-43V1,",****43****.,; ,C43V1FW,; ,C43V1UW,; ,C43VAFW,; ,C43VAUW,; ,LE-43T1,; ,LE-43T1,; ,LE-43T2,; ,LE-43T2,; ,LE-43T3,; ,LE-43TA1,; ,LE-43TA2,; ,LE-43TA3,; ,LE-43V2,; ,LE-43V3,; ,LE-43V3,; ,LE-43VA1,; ,LE-43VA2,; ,LE-43VA3,; ,LE-43VB1,; ,LE-43VB2,; ,LE-43VB3,; ,S43V1FW,; ,S43V1UW,; ,S43VAFW,; ,S43VAUW,",,Television (TV),Consumer,LCD,Direct-lit LED,42.45,769.44,2160,3840,4K (UHD),0,"Universal Serial Bus (USB),HDMI",,,,0,,64.06,66.78,64.06,118.81,0.27,0.26,0.27,1.0,2024-07-09,2024-07-17,"United States, Canada",ES_25251_LE-43V1_07022024114415_2231866
2508240,"ELITELUX TECHNOLOGIES,INC./GLOBAL Q. INTERNATIONAL LIMITED",Sansui,LE-43VA1,LE-43VA1,",*****43*********,; ,C43TAUG,; ,C43VAUG,; ,E400GD43G-G, RTGU4370,; ,LE-43TA1,; ,LE-43TA2,; ,LE-43TA3,; ,LE-43TA4,; ,LE-43TA5,; ,LE-43VA2,; ,LE-43VA3,; ,LE-43VA4,; ,LE-43VA5,; ,PG43***,; ,PG43SKA,; ,PG43SMA,; ,PTGU43**,; ,RTA43****,; ,RTA4302,; ,RTA4302-B,; ,RTAU43****,; ,RTAU4350,; ,RTAU4350-B,; ,S43TAUG,; ,S43VAUG,; ,SC-****GTV .,; ,SC-4350GTV,; ,WG43UX4210,",,Television (TV),Consumer,LCD,Direct-lit LED,42.5,774.72,3840,2160,Other,0,"Universal Serial Bus (USB),HDMI",,,,0,,53.32,85.86,53.32,99.24,,0.27,0.28,0.0,2023-06-09,2023-06-12,"United States, Canada",ES_25251_LE-43VA1_06092023152622_9290277
3555239,"ELITELUX TECHNOLOGIES,INC./GLOBAL Q. INTERNATIONAL LIMITED",Sansui,LE-50TA1,LE-50TA1,",C50****.,; ,C50V1UW,; ,C50VAUW,; ,LE-50T1,; ,LE-50T2,; ,LE-50T3,; ,LE-50TA2,; ,LE-50TA3,; ,LE-50V1,; ,LE-50V2,; ,LE-50V3,; ,LE-50VA1,; ,LE-50VA2,; ,LE-50VA3,; ,LE-50VB1,; ,LE-50VB2,; ,LE-50VB3,; ,S50****,; ,S50V1UW,; ,S50VAUW,; ,S50VNUW,",,Television (TV),Consumer,LCD,Direct-lit LED,49.31,1042.28,2160,3840,4K (UHD),0,"Universal Serial Bus (USB),HDMI",,,,0,,70.02,89.45,70.02,129.24,0.21,0.2,0.21,1.0,2025-03-05,2024-07-13,"United States, Canada",ES_25251_LE-50TA1_07122024133542_4165613
3814699,"LG Electronics, Inc.",Lg,86QNED80AU*,86QNED80AU*,",,* may be any alphanumeric according to color of stand or enclosure",195174105801,Television (TV),Consumer,LCD,Edge-lit LED,85.6,3125.74,3840,2160,4K (UHD),0,"Universal Serial Bus (USB),Other,RS-232,HDMI",Fast Ethernet (100 Mbit/s),Bluetooth,"Quick Start,Wake-On-Cast Compatibility,Control Via Remote Control App,Control Via Smart Speaker,Motion-based Dynamic Dimming (MDD) (also known as Motion Eye Care),Wide Color Gamut,Automatic Brightness Control,User Adjustable Backlight",1,0.0,,,128.4,234.0,0.4,,,,2025-04-18,2024-11-25,United States,ES_1118034_86QNED80AU*_112020241332410_9176285
3798876,"LG Electronics, Inc.",Lg,86QNED82AU*,86QNED82AU*,"86QNED77AZ*,86QNED77AZ*,* may be any alphanumeric according to color of stand or enclosure; 86QNED82AA*,86QNED82AA*,* may be any alphanumeric according to color of stand or enclosure",195174105832;195174111109,Television (TV),Consumer,LCD,Edge-lit LED,85.6,3125.74,3840,2160,4K (UHD),0,"Universal Serial Bus (USB),Other,RS-232,HDMI",Fast Ethernet (100 Mbit/s),Bluetooth,"Quick Start,Wake-On-Cast Compatibility,Control Via Remote Control App,Control Via Smart Speaker,Motion-based Dynamic Dimming (MDD) (also known as Motion Eye Care),Wide Color Gamut,Automatic Brightness Control,User Adjustable Backlight",1,0.0,,,143.7,262.0,0.4,,,,2025-05-23,2025-02-17,United States,ES_1118034_86QNED82AU*_111520241117790_8196880
3798909,"LG Electronics, Inc.",Lg,86QNED85AU*,86QNED85AU*,",,* may be any alphanumeric according to color of stand or enclosure",195174103937,Television (TV),Consumer,LCD,Edge-lit LED,85.6,3125.74,3840,2160,4K (UHD),0,"Universal Serial Bus (USB),Other,RS-232,HDMI",Fast Ethernet (100 Mbit/s),Bluetooth,"Quick Start,Wake-On-Cast Compatibility,Control Via Remote Control App,Control Via Smart Speaker,Motion-based Dynamic Dimming (MDD) (also known as Motion Eye Care),Wide Color Gamut,Automatic Brightness Control,User Adjustable Backlight",1,0.0,,,143.2,264.0,0.4,,,,2025-05-09,2024-11-20,United States,ES_1118034_86QNED85AU*_111820241258585_6849014
3387569,"LG Electronics, Inc.",Lg,86QNED85TU*,86QNED85TU*,",,* may be any alphanumeric according to color of stand or enclosure.",195174079454,Television (TV),Consumer,QD-LED (QLED),Edge-lit LED,85.6,3131.38,3840,2160,4K (UHD),0,"Universal Serial Bus (USB),Other,RS-232,HDMI",Fast Ethernet (100 Mbit/s),Bluetooth,"Quick Start,Wake-On-Cast Compatibility,Control Via Remote Control App,Control Via Smart Speaker,Automatic Brightness Control,User Adjustable Backlight",1,0.0,166.2,195.2,166.2,306.0,,0.3,0.4,0.4,2024-04-27,2024-01-16,United States,ES_1118034_86QNED85TU*_011620241302158_3067780
2732571,"LG Electronics, Inc.",Lg,86QNED90TU*,86QNED90TU*,"86QNED90TA*,86QNED90TA*,86QNED90TA* is the same as 86QNED90TU* except for model designation.* may be any alphanumeric according to color of stand or enclosure",195174075999,Television (TV),Consumer,QD-LED (QLED),Direct-lit LED,85.6,3131.38,3840,2160,4K (UHD),0,"Universal Serial Bus (USB),Other,RS-232,HDMI",Fast Ethernet (100 Mbit/s),Bluetooth,"Quick Start,Wake-On-Cast Compatibility,Control Via Remote Control App,Control Via Smart Speaker,Motion-based Dynamic Dimming (MDD) (also known as Motion Eye Care),Automatic Brightness Control,User Adjustable Backlight",1,0.0,184.6,209.5,184.6,340.0,,0.3,0.4,0.4,2024-02-20,2023-11-07,United States,ES_1118034_86QNED90TU*_110620232307833_8438748
2837274,"LG Electronics, Inc.",Lg,OLED42C4PU*,OLED42C4PU*,"OLED42C4AU*,OLED42C4AU*,OLED42C4AU* is the same as OLED42C4PU* except for model designation.* may be any alphanumeric according to color of stand or enclosure",195174077351;195174078129,Television (TV),Consumer,OLED,OLED,41.6,737.6,3840,2160,4K (UHD),1,"Universal Serial Bus (USB),Other,RS-232,HDMI",Fast Ethernet (100 Mbit/s),Bluetooth,"Quick Start,Wake-On-Cast Compatibility,Control Via Remote Control App,Control Via Smart Speaker,Automatic Brightness Control,User Adjustable Backlight",1,0.0,72.7,84.9,72.7,136.0,,0.3,0.5,0.5,2024-02-20,2023-12-04,United States,ES_1118034_OLED42C4PU*_120420231414970_6783407
3722353,"LG Electronics, Inc.",Lg,OLED42C5***,OLED42C5***,",,* may be any alphanumeric according to color of stand or enclosure",195174103951;195174105917,Television (TV),Consumer,OLED,OLED,41.5,734.86,3840,2160,4K (UHD),1,"Universal Serial Bus (USB),Other,RS-232,HDMI",Fast Ethernet (100 Mbit/s),Bluetooth,"Quick Start,Wake-On-Cast Compatibility,Control Via Remote Control App,Control Via Smart Speaker,Motion-based Dynamic Dimming (MDD) (also known as Motion Eye Care),Wide Color Gamut,Automatic Brightness Control,User Adjustable Backlight",1,0.0,77.8,89.2,77.8,145.0,0.01,0.3,0.4,0.4,2025-03-14,2024-11-07,United States,ES_1118034_OLED42C5***_110520240818736_4073844
2837273,"LG Electronics, Inc.",Lg,OLED48B4PU*,OLED48B4PU*,"OLED48B4AU*,OLED48B4AU*,OLED48B4AU* is the same as OLED48B4PU* except for model designation.* may be any alphanumeric according to color of stand or enclosure",195174077368;195174078136,Television (TV),Consumer,OLED,OLED,47.5,965.32,3840,2160,4K (UHD),1,"Universal Serial Bus (USB),Other,RS-232,HDMI",Fast Ethernet (100 Mbit/s),Bluetooth,"Quick Start,Wake-On-Cast Compatibility,Control Via Remote Control App,Control Via Smart Speaker,Automatic Brightness Control,User Adjustable Backlight",1,0.0,81.3,100.0,81.3,151.0,,0.3,0.4,0.4,2024-04-08,2023-12-01,United States,ES_1118034_OLED48B4PU*_120120230350401_8021145
3892683,"LG Electronics, Inc.",Lg,OLED48B5***,OLED48B5***,",,* may be any alphanumeric according to color of stand or enclosure",195174105948,Television (TV),Consumer,OLED,OLED,47.5,964.62,3840,2160,4K (UHD),1,"Universal Serial Bus (USB),Other,RS-232,HDMI",Fast Ethernet (100 Mbit/s),Bluetooth,"Quick Start,Wake-On-Cast Compatibility,Control Via Remote Control App,Control Via Smart Speaker,Automatic Brightness Control,User Adjustable Backlight",1,0.0,85.1,97.0,95.0,176.0,,,0.4,,2025-03-11,2025-01-09,United States,ES_1118034_OLED48B5***_010920250348169_7601684
2837275,"LG Electronics, Inc.",Lg,OLED48C4PU*,OLED48C4PU*,"OLED48C4AU*,OLED48C4AU*,OLED48C4AU* is the same as OLED48C4PU* except for model designation.* may be any alphanumeric according to color of stand or enclosure",195174077191;195174077283,Television (TV),Consumer,OLED,OLED,47.5,965.32,3840,2160,4K (UHD),1,"Universal Serial Bus (USB),Other,RS-232,HDMI",Fast Ethernet (100 Mbit/s),Bluetooth,"Quick Start,Wake-On-Cast Compatibility,Control Via Remote Control App,Control Via Smart Speaker,Automatic Brightness Control,User Adjustable Backlight",1,0.0,83.1,96.3,83.1,155.0,,0.3,0.5,0.5,2024-02-20,2023-12-04,United States,ES_1118034_OLED48C4PU*_120420231425341_4673717
2508459,"ELITELUX TECHNOLOGIES,INC./GLOBAL Q. INTERNATIONAL LIMITED",Sansui,LE-50V1,LE-50V1,",*****50*********,; ,C50TAUG,; ,C50VAUG,; ,E400GD50G-G,; ,LE-50TA1,; ,LE-50TA2,; ,LE-50TA3,; ,LE-50TA4,; ,LE-50TA5,; ,LE-50V4,; ,LE-50VA1,; ,LE-50VA2,; ,LE-50VA3,; ,LE-50VA4,; ,LE-50VA5,; ,PG50***,; ,PG50SKA,; ,PG50SMA,; ,PTGU50**,; ,RTA50****,; ,RTA5002,; ,RTA5002-B,; ,RTAQ5033,; ,RTAU****,; ,RTAU5050,; ,RTAU5050-B,; ,RTGU50**,; ,RTGU5070,; ,S50TAUG,; ,S50VAUG,; ,SC-****GTV,; ,SC-5050GTV,; ,WG50UX4210,",,Television (TV),Consumer,LCD,Direct-lit LED,49.5,1048.11,3840,2160,Other,0,"Universal Serial Bus (USB),HDMI",,,,0,,61.72,101.75,72.52,134.85,,0.31,0.36,0.36,2023-06-16,2023-06-19,"United States, Canada",ES_25251_LE-50V1_06082023171105_9989129
3477694,"ELITELUX TECHNOLOGIES,INC./GLOBAL Q. INTERNATIONAL LIMITED",Sansui,LE-50VA1,LE-50VA1,",*****50*****.,; ,LE-50T1,; ,LE-50T2,; ,LE-50T3,; ,LE-50TA1,; ,LE-50TA2,; ,LE-50TA3,; ,LE-50V1,; ,LE-50V2,; ,LE-50V3,; ,LE-50VA2,; ,LE-50VA3,; ,LE-50VB1,; ,LE-50VB2,; ,LE-50VB3,; ,LE-50VH1,; ,LE-50VH2,; ,LE-50VH3,; ,LE-50VS1,; ,LE-50VS2,; ,LE-50VS3,; ,S50VAUW,",,Television (TV),Consumer,LCD,Direct-lit LED,49.61,1051.78,3840,2160,4K (UHD),0,"Universal Serial Bus (USB),HDMI",,,,0,,68.37,88.01,68.37,126.94,,0.19,0.31,0.0,2024-04-26,2024-05-07,"United States, Canada",ES_25251_LE-50VA1_04252024163757_7975274
3555272,"ELITELUX TECHNOLOGIES,INC./GLOBAL Q. INTERNATIONAL LIMITED",Sansui,LE-55TA1,LE-55TA1,",C55V1UW,; ,C55VAUW,; ,LE-55T1,; ,LE-55T2,; ,LE-55T3,; ,LE-55TA2,; ,LE-55TA3,; ,LE-55V1,; ,LE-55V2,; ,LE-55V3,; ,LE-55VA1,; ,LE-55VA2,; ,LE-55VA3,; ,LE-55VB1,; ,LE-55VB2,; ,LE-55VB3,; ,S55V1UW,; ,S55VAUW,; ,S55VNUW.,",,Television (TV),Consumer,LCD,Direct-lit LED,54.7,1275.3,2160,3840,4K (UHD),0,"Universal Serial Bus (USB),HDMI",,,,0,,79.5,93.95,79.5,147.0,0.29,0.28,0.29,1.0,2024-12-30,2024-07-12,"United States, Canada",ES_25251_LE-55TA1_07122024132950_9064752
2508411,"ELITELUX TECHNOLOGIES,INC./GLOBAL Q. INTERNATIONAL LIMITED",Sansui,LE-55V4,LE-55V4,",*****55*********,; ,C55TAUG,; ,C55VAUG,; ,E400GD55G-G,; ,LE-55TA1,; ,LE-55TA2,; ,LE-55TA3,; ,LE-55TA4,; ,LE-55TA5,; ,LE-55VA1,; ,LE-55VA2,; ,LE-55VA3,; ,LE-55VA4,; ,LE-55VA5,; ,PG55***,; ,PG55SKA,; ,S55TAUG,; ,S55VAUG,; ,SC-****GTV,; ,SC-5550GTV,; ,WG55UX4212,",,Television (TV),Consumer,LCD,Direct-lit LED,55.0,1292.46,3840,2160,Other,0,"Universal Serial Bus (USB),HDMI",,,,0,,72.52,116.75,72.52,134.85,,0.31,0.36,0.36,2023-05-31,2023-06-16,"United States, Canada",ES_25251_LE-55V4_06082023150442_73358
3994378,"ELITELUX TECHNOLOGIES,INC./GLOBAL Q. INTERNATIONAL LIMITED",Sansui,LE-55VO,LE-55VO,",*****55*******.,; ,C55VOUG,; ,LE-55*****,; ,LE-55VO1,; ,OLE-55VO1,; ,S55VOUG,",,Television (TV),Consumer,LCD,Direct-lit LED,54.6,1275.7,2160,3840,4K (UHD),0,"Universal Serial Bus (USB),HDMI",,,,0,,86.67,115.39,86.81,160.5,0.3,0.3,0.3,0.55,2024-12-24,2025-01-04,"United States, Canada",ES_25251_LE-55VO_01072025193701_1383325
2452884,"ELITELUX TECHNOLOGIES,INC./GLOBAL Q. INTERNATIONAL LIMITED",Sansui,LE-65V1,LE-65V1,",*****65*********,; ,C65TAUG,; ,C65VAUG,; ,LE-65TA1,; ,LE-65TA2,; ,LE-65TA3,; ,LE-65TA4,; ,LE-65V4,; ,LE-65VA1,; ,LE-65VA2,; ,LE-65VA3,; ,LE-65VA4,; ,LE-65VA5,; ,S65TAUG,; ,S65VAUG,",,Television (TV),Consumer,LCD,Direct-lit LED,64.4,1773.32,3840,2160,Other,0,"Universal Serial Bus (USB),HDMI",,,,0,,127.87,148.79,127.87,235.44,,0.39,0.0,0.0,2023-03-07,2023-03-17,"United States, Canada",ES_25251_LE-65V1_03252023095508_7908441
2472801,"ELITELUX TECHNOLOGIES,INC./GLOBAL Q. INTERNATIONAL LIMITED",Sansui,LE-75VA1,LE-75VA1,",*****75*********,; ,C75TAUG,; ,C75VAUG,; ,S75TAUG,; ,S75VAUG,",,Television (TV),Consumer,LCD,Direct-lit LED,74.37,2368.25,3840,2160,4K (UHD),0,"Universal Serial Bus (USB),HDMI",,,,0,,148.56,185.86,148.56,273.48,,0.34,0.34,0.0,2023-04-28,2023-05-05,"United States, Canada",ES_25251_LE-75VA1_05042023194525_157586
3624406,"ELITELUX TECHNOLOGIES,INC./GLOBAL Q. INTERNATIONAL LIMITED",Sansui,LE-75VH5,LE-75VH5,",****75****.,; ,C75VHUG,; ,LE-75T1,; ,LE-75T2,; ,LE-75T3,; ,LE-75TA1,; ,LE-75TA2,; ,LE-75TA3,; ,LE-75V1,; ,LE-75V2,; ,LE-75V3,; ,LE-75VA1,; ,LE-75VA2,; ,LE-75VA3,; ,LE-75VB1,; ,LE-75VB2,; ,LE-75VB3,; ,S75VHUG,",,Television (TV),Consumer,LCD,Direct-lit LED,74.3,2361.86,2160,3840,4K (UHD),0,"Universal Serial Bus (USB),HDMI",,,,0,,119.51,125.44,119.51,220.19,0.3,0.29,0.3,1.0,2024-07-21,2024-08-27,"United States, Canada",ES_25251_LE-75VH5_08212024192650_3731347
3530998,"ELITELUX TECHNOLOGIES,INC./GLOBAL Q. INTERNATIONAL LIMITED",Sansui.,LE-85TE1,LE-85TE1,",****85*********.,; ,LE-85T1,; ,LE-85V1,; ,S85TEUG,",,Television (TV),Consumer,LCD,Direct-lit LED,84.6,3061.5,3840,2160,Other,0,"Universal Serial Bus (USB),HDMI",,,,0,,188.8,160.71,188.8,347.06,,0.36,0.31,0.36,2024-05-14,2024-05-21,"United States, Canada",ES_25251_LE-85TE1_05142024200053_293237
3814686,EP-TEC Solutions Pte Ltd,Infinitypro,Smart 55,Smart 55,,,Television (TV),Consumer,LCD,Direct-lit LED,54.58,1275.91,2160,3840,4K (UHD),0,,Other,Other,,0,,86.33,114.79,86.33,159.33,0.26,0.25,0.26,0.26,2024-11-18,2024-11-22,"United States, Canada",ES_1148598_Smart 55_11182024194443_8173181
3814685,EP-TEC Solutions Pte Ltd,Infinitypro,Smart 65,Smart 65,,,Television (TV),Consumer,LCD,Direct-lit LED,64.46,1775.85,2160,3840,4K (UHD),0,,Other,Other,,0,,101.28,122.26,101.28,187.33,0.36,0.35,0.36,0.36,2024-11-18,2024-11-22,"United States, Canada",ES_1148598_Smart 65_11182024174531_8051568
3814694,"LG Electronics, Inc.",Lg,43QNED80AU*,43QNED80AU*,",,* may be any alphanumeric according to color of stand or enclosure",195174104118,Television (TV),Consumer,LCD,Edge-lit LED,42.5,769.6,3840,2160,4K (UHD),0,"Universal Serial Bus (USB),Other,RS-232,HDMI",Fast Ethernet (100 Mbit/s),Bluetooth,"Quick Start,Wake-On-Cast Compatibility,Control Via Remote Control App,Control Via Smart Speaker,Motion-based Dynamic Dimming (MDD) (also known as Motion Eye Care),Wide Color Gamut,Automatic Brightness Control,User Adjustable Backlight",1,0.0,,,54.2,99.0,0.4,,,,2025-06-06,2024-11-19,United States,ES_1118034_43QNED80AU*_112020241312476_9585146
3845000,"LG Electronics, Inc.",Lg,43QNED82AU*,43QNED82AU*,"43QNED77AZ*,43QNED77AZ*,* may be any alphanumeric according to color of stand or enclosure; 43QNED82AA*,43QNED82AA*,* may be any alphanumeric according to color of stand or enclosure",195174104149;195174111024,Television (TV),Consumer,LCD,Edge-lit LED,42.5,769.6,3840,2160,4K (UHD),0,"Universal Serial Bus (USB),Other,RS-232,HDMI",Fast Ethernet (100 Mbit/s),Bluetooth,"Quick Start,Wake-On-Cast Compatibility,Control Via Remote Control App,Control Via Smart Speaker,Motion-based Dynamic Dimming (MDD) (also known as Motion Eye Care),Wide Color Gamut,Automatic Brightness Control,User Adjustable Backlight",1,0.0,,,60.2,110.0,0.4,,,,2025-04-18,2025-02-17,United States,ES_1118034_43QNED82AU*_120220240145706_3607380
3814695,"LG Electronics, Inc.",Lg,50QNED80AU*,50QNED80AU*,",,* may be any alphanumeric according to color of stand or enclosure",195174104477,Television (TV),Consumer,LCD,Edge-lit LED,49.5,1043.02,3840,2160,4K (UHD),0,"Universal Serial Bus (USB),Other,RS-232,HDMI",Fast Ethernet (100 Mbit/s),Bluetooth,"Quick Start,Wake-On-Cast Compatibility,Control Via Remote Control App,Control Via Smart Speaker,Motion-based Dynamic Dimming (MDD) (also known as Motion Eye Care),Wide Color Gamut,Automatic Brightness Control,User Adjustable Backlight",1,0.0,,,62.5,114.0,0.4,,,,2025-06-06,2024-11-25,United States,ES_1118034_50QNED80AU*_112020241329630_8448156
3845001,"LG Electronics, Inc.",Lg,50QNED82AU*,50QNED82AU*,"50QNED77AZ*,50QNED77AZ*,* may be any alphanumeric according to color of stand or enclosure; 50QNED82AA*,50QNED82AA*,* may be any alphanumeric according to color of stand or enclosure",195174104507;195174111031,Television (TV),Consumer,LCD,Edge-lit LED,49.5,1043.02,3840,2160,4K (UHD),0,"Universal Serial Bus (USB),Other,RS-232,HDMI",Fast Ethernet (100 Mbit/s),Bluetooth,"Quick Start,Wake-On-Cast Compatibility,Control Via Remote Control App,Control Via Smart Speaker,Motion-based Dynamic Dimming (MDD) (also known as Motion Eye Care),Wide Color Gamut,Automatic Brightness Control,User Adjustable Backlight",1,0.0,,,65.4,119.0,0.4,,,,2025-04-18,2025-02-17,United States,ES_1118034_50QNED82AU*_120220240145699_2108475
3798905,"LG Electronics, Inc.",Lg,50QNED85AU*,50QNED85AU*,",,* may be any alphanumeric according to color of stand or enclosure",195174103722;195174106051,Television (TV),Consumer,LCD,Edge-lit LED,49.5,1043.02,3840,2160,4K (UHD),0,"Universal Serial Bus (USB),Other,RS-232,HDMI",Fast Ethernet (100 Mbit/s),Bluetooth,"Quick Start,Wake-On-Cast Compatibility,Control Via Remote Control App,Control Via Smart Speaker,Motion-based Dynamic Dimming (MDD) (also known as Motion Eye Care),Wide Color Gamut,Automatic Brightness Control,User Adjustable Backlight",1,0.0,,,63.8,119.0,0.4,,,,2025-06-20,2024-11-20,United States,ES_1118034_50QNED85AU*_111520241009906_9935356
2732573,"LG Electronics, Inc.",Lg,50QNED85TU*,50QNED85TU*,",,* may be any alphanumeric according to color of stand or enclosure",195174076637,Television (TV),Consumer,QD-LED (QLED),Edge-lit LED,49.5,1047.01,3840,2160,4K (UHD),0,"Universal Serial Bus (USB),Other,RS-232,HDMI",Fast Ethernet (100 Mbit/s),Bluetooth,"Quick Start,Wake-On-Cast Compatibility,Control Via Remote Control App,Control Via Smart Speaker,Motion-based Dynamic Dimming (MDD) (also known as Motion Eye Care),Automatic Brightness Control,User Adjustable Backlight",1,0.0,73.2,100.3,73.2,136.0,,0.3,0.4,0.4,2024-03-01,2023-11-06,United States,ES_1118034_50QNED85TU*_110720230103557_8905876
3361113,"LG Electronics, Inc.",Lg,55LX1TPU*,55LX1TPU*,",,* may be any alphanumeric according to color of stand or enclosure",195174082300,Television (TV),Consumer,OLED,OLED,54.6,1275.74,3840,2160,4K (UHD),1,"Universal Serial Bus (USB),Other,RS-232,HDMI",Fast Ethernet (100 Mbit/s),Bluetooth,"Quick Start,Wake-On-Cast Compatibility,Control Via Remote Control App,Control Via Smart Speaker,Automatic Brightness Control,User Adjustable Backlight",1,0.0,105.7,123.0,105.7,196.0,,0.3,0.4,0.4,2024-04-20,2024-01-11,United States,ES_1118034_55LX1TPU*_011120240726940_2555049
3814696,"LG Electronics, Inc.",Lg,55QNED80AU*,55QNED80AU*,",,* may be any alphanumeric according to color of stand or enclosure",195174104873,Television (TV),Consumer,LCD,Edge-lit LED,54.6,1270.92,3840,2160,4K (UHD),0,"Universal Serial Bus (USB),Other,RS-232,HDMI",Fast Ethernet (100 Mbit/s),Bluetooth,"Quick Start,Wake-On-Cast Compatibility,Control Via Remote Control App,Control Via Smart Speaker,Motion-based Dynamic Dimming (MDD) (also known as Motion Eye Care),Wide Color Gamut,Automatic Brightness Control,User Adjustable Backlight",1,0.0,,,70.3,128.0,0.4,,,,2025-04-18,2024-11-25,United States,ES_1118034_55QNED80AU*_112020241332261_1430736
3845011,"LG Electronics, Inc.",Lg,55QNED82AU*,55QNED82AU*,"55QNED77AZ*,55QNED77AZ*,* may be any alphanumeric according to color of stand or enclosure; 55QNED82AA*,55QNED82AA*,* may be any alphanumeric according to color of stand or enclosure",195174104910;195174111055,Television (TV),Consumer,LCD,Edge-lit LED,54.6,1270.92,3840,2160,4K (UHD),0,"Universal Serial Bus (USB),Other,RS-232,HDMI",Fast Ethernet (100 Mbit/s),Bluetooth,"Quick Start,Wake-On-Cast Compatibility,Control Via Remote Control App,Control Via Smart Speaker,Motion-based Dynamic Dimming (MDD) (also known as Motion Eye Care),Wide Color Gamut,Automatic Brightness Control,User Adjustable Backlight",1,0.0,,,73.1,133.0,0.4,,,,2025-04-18,2025-02-17,United States,ES_1118034_55QNED82AU*_12022024014649_7502418
3798906,"LG Electronics, Inc.",Lg,55QNED85AU*,55QNED85AU*,"55QNED85AA*,55QNED85AA*,* may be any alphanumeric according to color of stand or enclosure; 55QNED85AY*,55QNED85AY*,* may be any alphanumeric according to color of stand or enclosure",195174102626;195174104934,Television (TV),Consumer,LCD,Edge-lit LED,54.6,1270.92,3840,2160,4K (UHD),0,"Universal Serial Bus (USB),Other,RS-232,HDMI",Fast Ethernet (100 Mbit/s),Bluetooth,"Quick Start,Wake-On-Cast Compatibility,Control Via Remote Control App,Control Via Smart Speaker,Motion-based Dynamic Dimming (MDD) (also known as Motion Eye Care),Wide Color Gamut,Automatic Brightness Control,User Adjustable Backlight",1,0.0,,,79.3,147.0,0.4,,,,2025-04-18,2024-11-20,United States,ES_1118034_55QNED85AU*_111420240928164_2687794
2732037,"LG Electronics, Inc.",Lg,55QNED85TU*,55QNED85TU*,"55QNED85TA*,55QNED85TA*,55QNED85TA* is the same as 55QNED85TU* except for model designation.* may be any alphanumeric according to color of stand or enclosure",195174076002,Television (TV),Consumer,QD-LED (QLED),Edge-lit LED,54.6,1275.67,3840,2160,4K (UHD),0,"Universal Serial Bus (USB),Other,RS-232,HDMI",Fast Ethernet (100 Mbit/s),Bluetooth,"Quick Start,Wake-On-Cast Compatibility,Control Via Remote Control App,Control Via Smart Speaker,Motion-based Dynamic Dimming (MDD) (also known as Motion Eye Care),Automatic Brightness Control,User Adjustable Backlight",1,0.0,76.9,95.8,76.9,142.0,,0.3,0.3,0.3,2024-02-24,2023-11-01,"United States, Canada",ES_1118034_55QNED85TU*_103120231519814_6263870
3798868,"LG Electronics, Inc.",Lg,65QNED80AU*,65QNED80AU*,",,* may be any alphanumeric according to color of stand or enclosure",195174105252,Television (TV),Consumer,LCD,Edge-lit LED,64.5,1775.92,3840,2160,4K (UHD),0,"Universal Serial Bus (USB),Other,RS-232,HDMI",Fast Ethernet (100 Mbit/s),Bluetooth,"Quick Start,Wake-On-Cast Compatibility,Control Via Remote Control App,Control Via Smart Speaker,Motion-based Dynamic Dimming (MDD) (also known as Motion Eye Care),Wide Color Gamut,Automatic Brightness Control,User Adjustable Backlight",1,0.0,,,96.4,176.0,0.4,,,,2025-04-18,2024-11-18,United States,ES_1118034_65QNED80AU*_111520241117828_7941956
3798869,"LG Electronics, Inc.",Lg,65QNED82AU*,65QNED82AU*,"65QNED77AZ*,65QNED77AZ*,* may be any alphanumeric according to color of stand or enclosure; 65QNED82AA*,65QNED82AA*,* may be any alphanumeric according to color of stand or enclosure",195174105283;195174111079,Television (TV),Consumer,LCD,Edge-lit LED,64.5,1775.92,3840,2160,4K (UHD),0,"Universal Serial Bus (USB),Other,RS-232,HDMI",Fast Ethernet (100 Mbit/s),Bluetooth,"Quick Start,Wake-On-Cast Compatibility,Control Via Remote Control App,Control Via Smart Speaker,Motion-based Dynamic Dimming (MDD) (also known as Motion Eye Care),Wide Color Gamut,Automatic Brightness Control,User Adjustable Backlight",1,0.0,,,92.2,171.0,0.4,,,,2025-05-23,2025-02-17,United States,ES_1118034_65QNED82AU*_111520241117343_6500615
3798907,"LG Electronics, Inc.",Lg,65QNED85AU*,65QNED85AU*,"65QNED85AA*,65QNED85AA*,* may be any alphanumeric according to color of stand or enclosure; 65QNED85AY*,65QNED85AY*,* may be any alphanumeric according to color of stand or enclosure",195174102640;195174105306,Television (TV),Consumer,LCD,Edge-lit LED,64.5,1775.92,3840,2160,4K (UHD),0,"Universal Serial Bus (USB),Other,RS-232,HDMI",Fast Ethernet (100 Mbit/s),Bluetooth,"Quick Start,Wake-On-Cast Compatibility,Control Via Remote Control App,Control Via Smart Speaker,Motion-based Dynamic Dimming (MDD) (also known as Motion Eye Care),Wide Color Gamut,Automatic Brightness Control,User Adjustable Backlight",1,0.0,,,92.8,172.0,0.4,,,,2025-03-21,2024-11-20,United States,ES_1118034_65QNED85AU*_111420240929379_5219687
2732574,"LG Electronics, Inc.",Lg,65QNED85TU*,65QNED85TU*,"65QNED85TA*,65QNED85TA*,65QNED85TA* is the same as 65QNED85TU* except for model designation.* may be any alphanumeric according to color of stand or enclosure",195174078099,Television (TV),Consumer,QD-LED (QLED),Edge-lit LED,64.5,1778.87,3840,2160,4K (UHD),0,"Universal Serial Bus (USB),Other,RS-232,HDMI",Fast Ethernet (100 Mbit/s),Bluetooth,"Quick Start,Wake-On-Cast Compatibility,Control Via Remote Control App,Control Via Smart Speaker,Motion-based Dynamic Dimming (MDD) (also known as Motion Eye Care),Automatic Brightness Control,User Adjustable Backlight",1,0.0,112.0,139.5,112.0,207.0,,0.3,0.4,0.4,2024-02-20,2023-11-06,United States,ES_1118034_65QNED85TU*_110720230055744_6296155
2740386,"LG Electronics, Inc.",Lg,65QNED90TU*,65QNED90TU*,"65QNED90TA*,65QNED90TA*,65QNED90TA* is the same as 65QNED90TU* except for model designation.* may be any alphanumeric according to color of stand or enclosure",195174076767,Television (TV),Consumer,QD-LED (QLED),Direct-lit LED,64.5,1778.87,3840,2160,4K (UHD),0,"Universal Serial Bus (USB),Other,RS-232,HDMI",Fast Ethernet (100 Mbit/s),Bluetooth,"Quick Start,Wake-On-Cast Compatibility,Control Via Remote Control App,Control Via Smart Speaker,Motion-based Dynamic Dimming (MDD) (also known as Motion Eye Care),Automatic Brightness Control,User Adjustable Backlight",1,0.0,117.0,138.0,117.0,216.0,,0.3,0.4,0.4,2024-02-20,2023-11-14,United States,ES_1118034_65QNED90TU*_111420230021647_2531310
3814697,"LG Electronics, Inc.",Lg,75QNED80AU*,75QNED80AU*,",,* may be any alphanumeric according to color of stand or enclosure",195174105672,Television (TV),Consumer,LCD,Edge-lit LED,74.5,2368.85,3840,2160,4K (UHD),0,"Universal Serial Bus (USB),Other,RS-232,HDMI",Fast Ethernet (100 Mbit/s),Bluetooth,"Quick Start,Wake-On-Cast Compatibility,Control Via Remote Control App,Control Via Smart Speaker,Motion-based Dynamic Dimming (MDD) (also known as Motion Eye Care),Wide Color Gamut,Automatic Brightness Control,User Adjustable Backlight",1,0.0,,,95.9,175.0,0.4,,,,2025-04-18,2024-11-25,United States,ES_1118034_75QNED80AU*_112020241332972_8815038
3845189,"LG Electronics, Inc.",Lg,75QNED82AU*,75QNED82AU*,"75QNED77AZ*,75QNED77AZ*,* may be any alphanumeric according to color of stand or enclosure; 75QNED82AA*,75QNED82AA*,* may be any alphanumeric according to color of stand or enclosure",195174105702;195174111093,Television (TV),Consumer,LCD,Edge-lit LED,74.5,2368.85,3840,2160,4K (UHD),0,"Universal Serial Bus (USB),Other,RS-232,HDMI",Fast Ethernet (100 Mbit/s),Bluetooth,"Quick Start,Wake-On-Cast Compatibility,Control Via Remote Control App,Control Via Smart Speaker,Motion-based Dynamic Dimming (MDD) (also known as Motion Eye Care),Wide Color Gamut,Automatic Brightness Control,User Adjustable Backlight",1,0.0,,,102.2,187.0,0.4,,,0.3,2025-04-18,2025-02-17,United States,ES_1118034_75QNED82AU*_120520240405507_2785208
3798908,"LG Electronics, Inc.",Lg,75QNED85AU*,75QNED85AU*,"75QNED85AA*,75QNED85AA*,* may be any alphanumeric according to color of stand or enclosure; 75QNED85AY*,75QNED85AY*,* may be any alphanumeric according to color of stand or enclosure",195174103876;195174105733,Television (TV),Consumer,LCD,Edge-lit LED,74.5,2368.85,3840,2160,4K (UHD),0,"Universal Serial Bus (USB),Other,RS-232,HDMI",Fast Ethernet (100 Mbit/s),Bluetooth,"Quick Start,Wake-On-Cast Compatibility,Control Via Remote Control App,Control Via Smart Speaker,Motion-based Dynamic Dimming (MDD) (also known as Motion Eye Care),Wide Color Gamut,Automatic Brightness Control,User Adjustable Backlight",1,0.0,,,113.5,210.0,0.4,,,,2025-03-21,2024-11-20,United States,ES_1118034_75QNED85AU*_111420240929758_8695617
2732809,"LG Electronics, Inc.",Lg,75QNED85TU*,75QNED85TU*,"75QNED85TA*,75QNED85TA*,75QNED85TA* is the same as 75QNED85TU* except for model designation.* may be any alphanumeric according to color of stand or enclosure",195174078105,Television (TV),Consumer,QD-LED (QLED),Edge-lit LED,74.5,2372.62,3840,2160,4K (UHD),0,"Universal Serial Bus (USB),Other,RS-232,HDMI",Fast Ethernet (100 Mbit/s),Bluetooth,"Quick Start,Wake-On-Cast Compatibility,Control Via Remote Control App,Control Via Smart Speaker,Motion-based Dynamic Dimming (MDD) (also known as Motion Eye Care),Automatic Brightness Control,User Adjustable Backlight",1,0.0,140.7,163.0,140.7,260.0,,0.3,0.4,0.4,2024-02-20,2023-11-07,United States,ES_1118034_75QNED85TU*_110720230638651_9842953
2740393,"LG Electronics, Inc.",Lg,75QNED90TU*,75QNED90TU*,"75QNED90TA*,75QNED90TA*,75QNED90TA* is the same as 75QNED90TU* except for model designation.* may be any alphanumeric according to color of stand or enclosure",195174077399,Television (TV),Consumer,QD-LED (QLED),Direct-lit LED,74.5,2372.62,3840,2160,4K (UHD),0,"Universal Serial Bus (USB),Other,RS-232,HDMI",Fast Ethernet (100 Mbit/s),Bluetooth,"Quick Start,Wake-On-Cast Compatibility,Control Via Remote Control App,Control Via Smart Speaker,Motion-based Dynamic Dimming (MDD) (also known as Motion Eye Care),Automatic Brightness Control,User Adjustable Backlight",1,0.0,138.9,174.4,138.9,256.0,,0.3,0.4,0.4,2024-02-20,2023-11-20,United States,ES_1118034_75QNED90TU*_112020230551427_5561536
3994228,"Samsung Electronics Co., Ltd.",Samsung,QN42S90FAE,QN42S90FAE,"QN42S90FDE,QN42S90FDE,Same as basic model except model designation; QN42S92FAE,QN42S92FAE,Same as basic model except model designation",,Television (TV),Consumer,OLED,OLED,41.5,737.4,3840,2160,4K (UHD),1,"Universal Serial Bus (USB),Other,RS-232,HDMI",Fast Ethernet (100 Mbit/s),Bluetooth,"Quick Start,Wake-On-Cast Compatibility,Control Via Remote Control App,Control Via Smart Speaker,Upconversion,Motion-based Dynamic Dimming (MDD) (also known as Motion Eye Care),Automatic Brightness Control,User Adjustable Backlight",1,0.0,71.93,83.13,71.92,137.5,0.9,,,,2025-02-10,2025-02-05,United States,ES_1023593_QN42S90FAE_020320250614484_6101486
3354303,"Samsung Electronics Co., Ltd.",Samsung,QN43QN90DAF,QN43QN90DAF,"QN43QN90DDF,QN43QN90DDF,Same as basic model except model designation; QN43QN92DAF,QN43QN92DAF,Same as basic model except model designation",,Television (TV),Consumer,QD-LED (QLED),Direct-lit LED,42.5,771.85,3840,2160,4K (UHD),0,"Universal Serial Bus (USB),Other,RS-232,HDMI",Fast Ethernet (100 Mbit/s),Bluetooth,"High Dynamic Range Upscaling,Wake-On-Cast Compatibility,Control Via Remote Control App,Control Via Smart Speaker,Upconversion,Motion-based Dynamic Dimming (MDD) (also known as Motion Eye Care),Automatic Brightness Control,User Adjustable Backlight",1,0.0,63.4,85.68,63.4,143.6,,0.3,0.5,,2023-12-29,2023-12-18,United States,ES_1023593_QN43QN90DAF_121820230452627_6454741
3982849,"Samsung Electronics Co., Ltd.",Samsung,QN43QN90FAF,QN43QN90FAF,"QN43QN90FDF,QN43QN90FDF,Same as basic model except model designation; QN43QN92FAF,QN43QN92FAF,Same as basic model except model designation",,Television (TV),Consumer,QD-LED (QLED),Direct-lit LED,42.5,771.9,3840,2160,4K (UHD),0,"Universal Serial Bus (USB),Other,RS-232,HDMI",Fast Ethernet (100 Mbit/s),Bluetooth,"Quick Start,Wake-On-Cast Compatibility,Control Via Remote Control App,Control Via Smart Speaker,Upconversion,Motion-based Dynamic Dimming (MDD) (also known as Motion Eye Care),Automatic Brightness Control,User Adjustable Backlight",1,0.0,62.8,85.7,62.8,118.79,0.6,,,,2025-01-27,2025-01-30,United States,ES_1023593_QN43QN90FAF_012020250041560_1195068
3439034,"Samsung Electronics Co., Ltd.",Samsung,QN48S90DAE,QN48S90DAE,"QN48S90DDE,QN48S90DDE,Same as basic model except model designation",,Television (TV),Consumer,OLED,OLED,47.5,965.2,3840,2160,4K (UHD),1,"Universal Serial Bus (USB),Other,RS-232,HDMI",Fast Ethernet (100 Mbit/s),Bluetooth,"Wake-On-Cast Compatibility,Control Via Remote Control App,Control Via Smart Speaker,Upconversion,Motion-based Dynamic Dimming (MDD) (also known as Motion Eye Care),Automatic Brightness Control,User Adjustable Backlight",1,0.0,,,81.6,151.0,,,,,2024-04-22,2024-04-16,United States,ES_1023593_QN48S90DAE_04172024044633_1715624
3994229,"Samsung Electronics Co., Ltd.",Samsung,QN48S90FAE,QN48S90FAE,"QN48S90FDE,QN48S90FDE,Same as basic model except model designation; QN48S92FAE,QN48S92FAE,Same as basic model except model designation",,Television (TV),Consumer,OLED,OLED,47.5,965.2,3840,2160,4K (UHD),1,"Universal Serial Bus (USB),Other,RS-232,HDMI",Fast Ethernet (100 Mbit/s),Bluetooth,"Quick Start,Wake-On-Cast Compatibility,Control Via Remote Control App,Control Via Smart Speaker,Upconversion,Motion-based Dynamic Dimming (MDD) (also known as Motion Eye Care),Automatic Brightness Control,User Adjustable Backlight",1,0.0,84.9,98.73,84.9,161.18,0.9,,,,2025-02-10,2025-02-05,United States,ES_1023593_QN48S90FAE_020320250714630_1103879
3354304,"Samsung Electronics Co., Ltd.",Samsung,QN50QN90DAF,QN50QN90DAF,"QN50QN90DDF,QN50QN90DDF,Same as basic model except model designation; QN50QN92DAF,QN50QN92DAF,Same as basic model except model designation",,Television (TV),Consumer,QD-LED (QLED),Direct-lit LED,49.5,1047.01,3840,2160,4K (UHD),0,"Universal Serial Bus (USB),Other,RS-232,HDMI",Fast Ethernet (100 Mbit/s),Bluetooth,"High Dynamic Range Upscaling,Wake-On-Cast Compatibility,Control Via Remote Control App,Control Via Smart Speaker,Upconversion,Motion-based Dynamic Dimming (MDD) (also known as Motion Eye Care),Automatic Brightness Control,User Adjustable Backlight",1,0.0,74.27,102.06,74.27,165.5,,0.3,0.4,,2023-12-29,2023-12-17,United States,ES_1023593_QN50QN90DAF_121720230835155_1844467
3943121,"Samsung Electronics Co., Ltd.",Samsung,QN50QN90FAF,QN50QN90FAF,"QN50QN90FDF,QN50QN90FDF,Same as basic model except model designation; QN50QN92FAF,QN50QN92FAF,Same as basic model except model designation",,Television (TV),Consumer,QD-LED (QLED),Direct-lit LED,49.5,1047.0,3840,2160,4K (UHD),0,"Universal Serial Bus (USB),Other,RS-232,HDMI",Fast Ethernet (100 Mbit/s),Bluetooth,"Quick Start,Wake-On-Cast Compatibility,Control Via Remote Control App,Control Via Smart Speaker,Upconversion,Motion-based Dynamic Dimming (MDD) (also known as Motion Eye Care),Automatic Brightness Control,User Adjustable Backlight",1,0.0,75.76,103.0,75.76,143.81,0.8,,,,2025-01-27,2025-01-20,United States,ES_1023593_QN50QN90FAF_012020250701719_9947101
2862420,"Samsung Electronics Co., Ltd.",Samsung,QN55QN90DAF,QN55QN90DAF,"QN55QN90DDF,QN55QN90DDF,Same as basic model except model designation; QN55QN92DAF,QN55QN92DAF,Same as basic model except model designation",,Television (TV),Consumer,QD-LED (QLED),Direct-lit LED,54.6,1275.67,3840,2160,4K (UHD),0,"Universal Serial Bus (USB),Other,RS-232,HDMI",Fast Ethernet (100 Mbit/s),Bluetooth,"High Dynamic Range Upscaling,Wake-On-Cast Compatibility,Control Via Remote Control App,Control Via Smart Speaker,Upconversion,Motion-based Dynamic Dimming (MDD) (also known as Motion Eye Care),Automatic Brightness Control,User Adjustable Backlight",1,0.0,102.15,117.43,102.15,223.9,,0.3,0.4,,2023-12-29,2023-12-07,United States,ES_1023593_QN55QN90DAF_121220230738992_2177801
3943231,"Samsung Electronics Co., Ltd.",Samsung,QN55QN90FAF,QN55QN90FAF,"QN55QN90FDF,QN55QN90FDF,Same as basic model except model designation; QN55QN92FAF,QN55QN92FAF,Same as basic model except model designation",,Television (TV),Consumer,QD-LED (QLED),Direct-lit LED,54.6,1275.7,3840,2160,4K (UHD),0,"Universal Serial Bus (USB),Other,RS-232,HDMI",Fast Ethernet (100 Mbit/s),Bluetooth,"Quick Start,Wake-On-Cast Compatibility,Control Via Remote Control App,Control Via Smart Speaker,Upconversion,Motion-based Dynamic Dimming (MDD) (also known as Motion Eye Care),Automatic Brightness Control,User Adjustable Backlight",1,0.0,102.38,117.43,102.38,193.09,0.9,,,,2025-01-27,2025-01-22,United States,ES_1023593_QN55QN90FAF_01202025080045_9728370
4481070,"Samsung Electronics Co., Ltd.",Samsung,QN55S84FAF,QN55S84FAF,"QN55S84FDF,QN55S84FDF,Same as basic model except model designation",,Television (TV),Consumer,OLED,OLED,54.6,1275.7,3840,2160,4K (UHD),1,"Universal Serial Bus (USB),Other,RS-232,HDMI",Fast Ethernet (100 Mbit/s),Bluetooth,"Quick Start,High Dynamic Range Upscaling,Wake-On-Cast Compatibility,Control Via Remote Control App,Control Via Smart Speaker,Upconversion,Motion-based Dynamic Dimming (MDD) (also known as Motion Eye Care),Voice Recognition,Automatic Brightness Control,User Adjustable Backlight",1,0.0,86.03,114.74,96.05,180.84,0.8,,,,2025-08-11,2025-08-04,United States,ES_1023593_QN55S84FAE_080120250825221_9728418
3462884,"Samsung Electronics Co., Ltd.",Samsung,QN65S85DAE,QN65S85DAE,"QN65S85DDE,QN65S85DDE,Same as basic model except model designation",,Television (TV),Consumer,OLED,OLED,64.5,1779.11,3840,2160,4K (UHD),1,"Universal Serial Bus (USB),Other,RS-232,HDMI",Fast Ethernet (100 Mbit/s),Bluetooth,"Wake-On-Cast Compatibility,Control Via Remote Control App,Control Via Smart Speaker,Upconversion,Motion-based Dynamic Dimming (MDD) (also known as Motion Eye Care),Automatic Brightness Control,User Adjustable Backlight",1,0.0,,,112.3,207.0,,,,,2024-05-13,2024-04-25,United States,ES_1023593_QN65S85DAE_042520242316911_4876062
3994262,"Samsung Electronics Co., Ltd.",Samsung,QN65S85FAF,QN65S85FAF,"QN65S85FBF,QN65S85FBF,Same as basic model except model designation; QN65S85FDF,QN65S85FDF,Same as basic model except model designation",,Television (TV),Consumer,OLED,OLED,64.5,1779.1,3840,2160,4K (UHD),1,"Universal Serial Bus (USB),Other,RS-232,HDMI",Fast Ethernet (100 Mbit/s),Bluetooth,"Quick Start,Wake-On-Cast Compatibility,Control Via Remote Control App,Control Via Smart Speaker,Upconversion,Motion-based Dynamic Dimming (MDD) (also known as Motion Eye Care),Automatic Brightness Control,User Adjustable Backlight",1,0.0,114.17,157.36,114.17,213.9,0.8,,,,2025-02-03,2025-02-07,United States,ES_1023593_QN65S85FAF_020620250219469_8364925
3354311,"Samsung Electronics Co., Ltd.",Samsung,QN65S90DAF,QN65S90DAF,"QN65S90DDF,QN65S90DDF,Same as basic model except model designation; QN65S92DAF,QN65S92DAF,Same as basic model except model designation",,Television (TV),Consumer,OLED,OLED,64.5,1779.11,3840,2160,4K (UHD),1,"Universal Serial Bus (USB),Other,RS-232,HDMI",Fast Ethernet (100 Mbit/s),Bluetooth,"High Dynamic Range Upscaling,Wake-On-Cast Compatibility,Control Via Remote Control App,Control Via Smart Speaker,Upconversion,Motion-based Dynamic Dimming (MDD) (also known as Motion Eye Care),Automatic Brightness Control,User Adjustable Backlight",1,0.0,134.53,157.6,134.53,251.1,,0.4,0.8,,2023-12-29,2023-12-17,United States,ES_1023593_QN65S90DAF_121720230605698_3315653
3984069,"Samsung Electronics Co., Ltd.",Samsung,QN65S90FAF,QN65S90FAF,"QN65S90FDF,QN65S90FDF,Same as basic model except model designation; QN65S92FAF,QN65S92FAF,Same as basic model except model designation",,Television (TV),Consumer,OLED,OLED,64.5,1779.1,3840,2160,4K (UHD),1,"Universal Serial Bus (USB),Other,RS-232,HDMI",Fast Ethernet (100 Mbit/s),Bluetooth,"Quick Start,Wake-On-Cast Compatibility,Control Via Remote Control App,Control Via Smart Speaker,Upconversion,Motion-based Dynamic Dimming (MDD) (also known as Motion Eye Care),Automatic Brightness Control,User Adjustable Backlight",1,0.0,131.59,165.14,131.59,246.4,0.9,,,,2025-02-10,2025-01-31,United States,ES_1023593_QN65S90FAF_013120250704233_4599479
3354429,"Samsung Electronics Co., Ltd.",Samsung,QN65S95DAF,QN65S95DAF,"QN65S95DDF,QN65S95DDF,Same as basic model except model designation",,Television (TV),Consumer,OLED,OLED,64.5,1779.11,3840,2160,4K (UHD),1,"Universal Serial Bus (USB),Other,RS-232,HDMI",Fast Ethernet (100 Mbit/s),Bluetooth,"High Dynamic Range Upscaling,Wake-On-Cast Compatibility,Control Via Remote Control App,Control Via Smart Speaker,Upconversion,Motion-based Dynamic Dimming (MDD) (also known as Motion Eye Care),Automatic Brightness Control,User Adjustable Backlight",1,0.0,127.39,142.98,127.39,276.9,,0.4,0.7,,2024-01-02,2023-12-26,United States,ES_1023593_QN65S95DAF_122620230443476_4584361
3994255,"Samsung Electronics Co., Ltd.",Samsung,QN65S95FAF,QN65S95FAF,"QN65S95FDF,QN65S95FDF,Same as basic model except model designation",,Television (TV),Consumer,OLED,OLED,64.5,1779.1,3840,2160,4K (UHD),1,"Universal Serial Bus (USB),Other,RS-232,HDMI",Fast Ethernet (100 Mbit/s),Bluetooth,"Quick Start,Wake-On-Cast Compatibility,Control Via Remote Control App,Control Via Smart Speaker,Upconversion,Motion-based Dynamic Dimming (MDD) (also known as Motion Eye Care),Automatic Brightness Control,User Adjustable Backlight",1,0.0,126.78,143.18,126.78,236.91,0.8,,,,2025-02-10,2025-02-07,United States,ES_1023593_QN65S95FAF_020620250438883_6718301
2406512,"Samsung Electronics Co., Ltd.",Samsung,QN75QN90CAF,QN75QN90CAF,"QN75QN90CDF,QN75QN90CDF,Same as basic model except model designation; QN75QN92CAF,QN75QN92CAF,Same as basic model except model designation",,Television (TV),Consumer,QD-LED (QLED),Direct-lit LED,74.5,2381.36,3840,2160,4K (UHD),0,"Universal Serial Bus (USB),Other,RS-232,HDMI",Fast Ethernet (100 Mbit/s),Bluetooth,"Control Via Smart Speaker,Motion-based Dynamic Dimming (MDD) (also known as Motion Eye Care),Automatic Brightness Control",1,0.0,138.97,187.11,95.0,183.8,,0.3,0.4,0.4,2022-12-31,2023-01-05,United States,ES_1023593_QN75QN90CAF_010620230452209_9554040
3354306,"Samsung Electronics Co., Ltd.",Samsung,QN75QN90DAF,QN75QN90DAF,"QN75QN90DDF,QN75QN90DDF,Same as basic model except model designation; QN75QN92DAF,QN75QN92DAF,Same as basic model except model designation",,Television (TV),Consumer,QD-LED (QLED),Direct-lit LED,74.6,2381.36,3840,2160,4K (UHD),0,"Universal Serial Bus (USB),Other,RS-232,HDMI",Fast Ethernet (100 Mbit/s),Bluetooth,"High Dynamic Range Upscaling,Wake-On-Cast Compatibility,Control Via Remote Control App,Control Via Smart Speaker,Upconversion,Motion-based Dynamic Dimming (MDD) (also known as Motion Eye Care),Automatic Brightness Control,User Adjustable Backlight",1,0.0,141.39,187.11,141.39,307.88,,0.4,0.5,,2023-12-29,2023-12-07,United States,ES_1023593_QN75QN90DAF_121720230657249_7773559
3943300,"Samsung Electronics Co., Ltd.",Samsung,QN75QN90FAF,QN75QN90FAF,"QN75QN90FDF,QN75QN90FDF,Same as basic model except model designation; QN75QN92FAF,QN75QN92FAF,Same as basic model except model designation",,Television (TV),Consumer,QD-LED (QLED),Direct-lit LED,74.5,2374.4,3840,2160,4K (UHD),0,"Universal Serial Bus (USB),Other,RS-232,HDMI",Fast Ethernet (100 Mbit/s),Bluetooth,"Quick Start,Wake-On-Cast Compatibility,Control Via Remote Control App,Control Via Smart Speaker,Upconversion,Motion-based Dynamic Dimming (MDD) (also known as Motion Eye Care),Automatic Brightness Control",1,0.0,144.02,186.67,144.02,267.69,0.7,,,,2025-01-27,2025-01-23,United States,ES_1023593_QN75QN90FAF_012220250759938_9836909
3354727,"Samsung Electronics Co., Ltd.",Samsung,QN75QN95DAF,QN75QN95DAF,,,Television (TV),Consumer,QD-LED (QLED),Direct-lit LED,74.6,2381.36,3840,2160,4K (UHD),0,"Universal Serial Bus (USB),Other,RS-232,HDMI",Fast Ethernet (100 Mbit/s),Bluetooth,"High Dynamic Range Upscaling,Wake-On-Cast Compatibility,Control Via Remote Control App,Control Via Smart Speaker,Upconversion,Motion-based Dynamic Dimming (MDD) (also known as Motion Eye Care),Automatic Brightness Control,User Adjustable Backlight",1,0.0,148.2,187.11,148.2,320.7,,0.3,0.5,,2024-01-03,2024-01-02,United States,ES_1023593_QN75QN95DAF_010220240527325_2063655
3462885,"Samsung Electronics Co., Ltd.",Samsung,QN77S85DAE,QN77S85DAE,"QN77S84DAE,QN77S84DAE,Same as basic model except model designation; QN77S84DBE,QN77S84DBE,Same as basic model except model designation; QN77S85DDE,QN77S85DDE,Same as basic model except model designation",,Television (TV),Consumer,OLED,OLED,76.6,2511.67,3840,2160,4K (UHD),1,"Universal Serial Bus (USB),Other,RS-232,HDMI",Fast Ethernet (100 Mbit/s),Bluetooth,"Wake-On-Cast Compatibility,Control Via Remote Control App,Control Via Smart Speaker,Upconversion,Motion-based Dynamic Dimming (MDD) (also known as Motion Eye Care),Automatic Brightness Control,User Adjustable Backlight",1,0.0,,,154.0,283.0,0.3,,,,2024-05-13,2024-04-25,United States,ES_1023593_QN77S85DAE_042520242322205_7948081
3994365,"Samsung Electronics Co., Ltd.",Samsung,QN77S85FAE,QN77S85FAE,"QN77S84FAE,QN77S84FAE,Same as basic model except model designation; QN77S84FDE,QN77S84FDE,Same as basic model except model designation; QN77S85FBE,QN77S85FBE,Same as basic model except model designation; QN77S85FDE,QN77S85FDE,Same as basic model except model designation",,Television (TV),Consumer,OLED,OLED,76.6,2511.67,3840,2160,4K (UHD),1,"Universal Serial Bus (USB),Other,RS-232,HDMI",Fast Ethernet (100 Mbit/s),Bluetooth,"Quick Start,High Dynamic Range Upscaling,Wake-On-Cast Compatibility,Control Via Remote Control App,Control Via Smart Speaker,Upconversion,Motion-based Dynamic Dimming (MDD) (also known as Motion Eye Care),Voice Recognition,Automatic Brightness Control,User Adjustable Backlight",1,0.0,,,146.8,272.0,0.6,,,,2025-01-27,2025-02-10,United States,ES_1023593_QN77S85FAE_010620250751123_6020743
3354312,"Samsung Electronics Co., Ltd.",Samsung,QN77S90DAF,QN77S90DAF,"QN77S90DDF,QN77S90DDF,Same as basic model except model designation; QN77S92DAF,QN77S92DAF,Same as basic model except model designation",,Television (TV),Consumer,OLED,OLED,76.7,2523.05,3840,2160,4K (UHD),1,"Universal Serial Bus (USB),Other,RS-232,HDMI",Fast Ethernet (100 Mbit/s),Bluetooth,"High Dynamic Range Upscaling,Wake-On-Cast Compatibility,Control Via Remote Control App,Control Via Smart Speaker,Upconversion,Motion-based Dynamic Dimming (MDD) (also known as Motion Eye Care),Automatic Brightness Control,User Adjustable Backlight",1,0.0,160.93,197.47,160.93,297.9,,0.3,0.6,,2023-12-29,2023-12-17,United States,ES_1023593_QN77S90DAF_121720230733133_9626565
3994232,"Samsung Electronics Co., Ltd.",Samsung,QN77S90FAF,QN77S90FAF,"QN77S90FDF,QN77S90FDF,Same as basic model except model designation; QN77S92FAF,QN77S92FAF,Same as basic model except model designation",,Television (TV),Consumer,OLED,OLED,76.8,2572.4,3840,2160,4K (UHD),1,"Universal Serial Bus (USB),Other,RS-232,HDMI",Fast Ethernet (100 Mbit/s),Bluetooth,"Quick Start,Wake-On-Cast Compatibility,Control Via Remote Control App,Control Via Smart Speaker,Upconversion,Motion-based Dynamic Dimming (MDD) (also known as Motion Eye Care),Automatic Brightness Control,User Adjustable Backlight",1,0.0,154.71,213.42,154.71,286.5,0.6,,,,2025-02-10,2025-02-06,United States,ES_1023593_QN77S90FAF_020420251012648_4727578
3354313,"Samsung Electronics Co., Ltd.",Samsung,QN77S95DAF,QN77S95DAF,"QN77S95DDF,QN77S95DDF,Same as basic model except model designation",,Television (TV),Consumer,OLED,OLED,76.7,2523.05,3840,2160,4K (UHD),1,"Universal Serial Bus (USB),Other,RS-232,HDMI",Fast Ethernet (100 Mbit/s),Bluetooth,"High Dynamic Range Upscaling,Wake-On-Cast Compatibility,Control Via Remote Control App,Control Via Smart Speaker,Upconversion,Motion-based Dynamic Dimming (MDD) (also known as Motion Eye Care),Automatic Brightness Control,User Adjustable Backlight",1,0.0,167.33,189.33,167.33,360.8,,0.4,0.7,,2024-01-02,2023-12-15,United States,ES_1023593_QN77S95DAF_121920230638900_3133223
3994320,"Samsung Electronics Co., Ltd.",Samsung,QN77S95FAF,QN77S95FAF,"QN77S95FDF,QN77S95FDF,Same as basic model except model designation",,Television (TV),Consumer,OLED,OLED,76.8,2572.4,3840,2160,4K (UHD),1,"Universal Serial Bus (USB),Other,RS-232,HDMI",Fast Ethernet (100 Mbit/s),Bluetooth,"Quick Start,Wake-On-Cast Compatibility,Control Via Remote Control App,Control Via Smart Speaker,Upconversion,Motion-based Dynamic Dimming (MDD) (also known as Motion Eye Care),Automatic Brightness Control,User Adjustable Backlight",1,0.0,169.04,208.03,169.04,314.05,0.8,,,,2025-02-10,2025-02-09,United States,ES_1023593_QN77S95FAF_020720250537452_6621833
3994360,"Samsung Electronics Co., Ltd.",Samsung,QN83S85FAE,QN83S85FAE,"QN83S85FBE,QN83S85FBE,Same as basic model except model designation; QN83S85FDE,QN83S85FDE,Same as basic model except model designation",,Television (TV),Consumer,OLED,OLED,82.5,2909.3,3840,2160,4K (UHD),1,"Universal Serial Bus (USB),Other,RS-232,HDMI",Fast Ethernet (100 Mbit/s),Bluetooth,"Quick Start,Wake-On-Cast Compatibility,Control Via Remote Control App,Control Via Smart Speaker,Upconversion,Motion-based Dynamic Dimming (MDD) (also known as Motion Eye Care),Automatic Brightness Control,User Adjustable Backlight",1,0.0,167.65,189.55,167.65,312.2,0.9,,,,2025-02-03,2025-02-10,United States,ES_1023593_QN83S85FAE_020920252309900_7125760
3994340,"Samsung Electronics Co., Ltd.",Samsung,QN83S95FAE,QN83S95FAE,"QN83S95FDE,QN83S95FDE,Same as basic model except model designation",,Television (TV),Consumer,OLED,OLED,83.5,2909.3,3840,2160,4K (UHD),1,"Universal Serial Bus (USB),Other,RS-232,HDMI",Fast Ethernet (100 Mbit/s),Bluetooth,"Quick Start,Wake-On-Cast Compatibility,Control Via Remote Control App,Control Via Smart Speaker,Upconversion,Motion-based Dynamic Dimming (MDD) (also known as Motion Eye Care),Automatic Brightness Control,User Adjustable Backlight",1,0.0,215.22,246.81,215.22,399.01,0.9,,,,2025-02-10,2025-02-10,United States,ES_1023593_QN83S95FAE_020920252227687_9868355
3354307,"Samsung Electronics Co., Ltd.",Samsung,QN85QN90DAF,QN85QN90DAF,"QN85QN90DDF,QN85QN90DDF,Same as basic model except model designation; QN85QN92DAF,QN85QN92DAF,Same as basic model except model designation",,Television (TV),Consumer,QD-LED (QLED),Direct-lit LED,84.6,3055.4,3840,2160,4K (UHD),0,"Universal Serial Bus (USB),Other,RS-232,HDMI",Fast Ethernet (100 Mbit/s),Bluetooth,"High Dynamic Range Upscaling,Wake-On-Cast Compatibility,Control Via Remote Control App,Control Via Smart Speaker,Upconversion,Motion-based Dynamic Dimming (MDD) (also known as Motion Eye Care),Automatic Brightness Control,User Adjustable Backlight",1,0.0,181.05,229.59,181.05,390.0,,0.3,0.5,,2023-12-29,2023-12-17,United States,ES_1023593_QN85QN90DAF_121720230809791_6225934
3943301,"Samsung Electronics Co., Ltd.",Samsung,QN85QN90FAF,QN85QN90FAF,"QN85QN90FDF,QN85QN90FDF,Same as basic model except model designation; QN85QN92FAF,QN85QN92FAF,Same as basic model except model designation",,Television (TV),Consumer,QD-LED (QLED),Direct-lit LED,84.5,3055.4,3840,2160,4K (UHD),0,"Universal Serial Bus (USB),Other,RS-232,HDMI",Fast Ethernet (100 Mbit/s),Bluetooth,"Quick Start,Wake-On-Cast Compatibility,Control Via Remote Control App,Control Via Smart Speaker,Upconversion,Motion-based Dynamic Dimming (MDD) (also known as Motion Eye Care),Automatic Brightness Control,User Adjustable Backlight",1,0.0,186.31,229.59,186.31,344.87,0.7,,,,2025-01-27,2025-01-23,United States,ES_1023593_QN85QN90FAF_012220250945231_2518761
3354728,"Samsung Electronics Co., Ltd.",Samsung,QN85QN95DAF,QN85QN95DAF,,,Television (TV),Consumer,QD-LED (QLED),Direct-lit LED,84.6,3055.4,3840,2160,4K (UHD),0,"Universal Serial Bus (USB),Other,RS-232,HDMI",Fast Ethernet (100 Mbit/s),Bluetooth,"High Dynamic Range Upscaling,Wake-On-Cast Compatibility,Control Via Remote Control App,Control Via Smart Speaker,Upconversion,Motion-based Dynamic Dimming (MDD) (also known as Motion Eye Care),Automatic Brightness Control,User Adjustable Backlight",1,0.0,192.53,229.59,192.53,413.7,,0.3,0.5,,2024-01-03,2024-01-02,United States,ES_1023593_QN85QN95DAF_010220240555434_5297888
3943302,"Samsung Electronics Co., Ltd.",Samsung,QN98QN90FAF,QN98QN90FAF,"QN98QN90FDF,QN98QN90FDF,Same as basic model except model designation; QN98QN92FAF,QN98QN92FAF,Same as basic model except model designation",,Television (TV),Consumer,QD-LED (QLED),Direct-lit LED,97.5,4063.5,3840,2160,4K (UHD),0,"Universal Serial Bus (USB),Other,RS-232,HDMI",Fast Ethernet (100 Mbit/s),Bluetooth,"Quick Start,Wake-On-Cast Compatibility,Control Via Remote Control App,Control Via Smart Speaker,Upconversion,Motion-based Dynamic Dimming (MDD) (also known as Motion Eye Care),Automatic Brightness Control,User Adjustable Backlight",1,0.0,193.08,293.12,193.08,357.22,0.7,,,,2025-01-27,2025-01-23,United States,ES_1023593_QN98QN90FAF_012220251036861_6656602
3387717,Sceptre Inc.,Sceptre,X322BV-SRDD,X322BV-SRDD,",E32,; ,X32*BV-SR***,; ,X32,; ,X322BV-SRD,",,Television (TV),Consumer,LCD,Direct-lit LED,31.51,424.14,768,1366,Standard Definition (SD),0,"Universal Serial Bus (USB),HDMI",,,,0,,31.07,41.19,41.19,59.76,,0.44,0.0,0.0,2024-01-23,2024-01-17,"United States, Canada",ES_1113356_X322BV-SRDD_01162024174647_4800531
2401829,"Top Victory Electronics (Taiwan) Co., Ltd.",Philips,43BFL2214/27,43BFL2214/27,"43HFL5214U/27,43HFL5214U/27,",871886300252;871886300344,Television (TV),Consumer,LCD,Direct-lit LED,42.5,772.3,3840,2160,4K (UHD),0,"Universal Serial Bus (USB),HDMI",Gigabit Ethernet (1000 Mbit/s),,,0,,76.09,77.43,135.0,104.05,,0.4,0.73,0.73,2021-12-20,2022-09-16,United States,ES_1065104_43BFL2214/27_09162022102415I37_7349927
2405720,"Top Victory Electronics (Taiwan) Co., Ltd.",Philips,43HFL4518U/27,43HFL4518U/27,,871886300382,Television (TV),Consumer,LCD,Direct-lit LED,42.5,772.3,3840,2160,4K (UHD),0,"Universal Serial Bus (USB),HDMI","Gigabit Energy Efficient Ethernet (IEEE 802.3az),Gigabit Ethernet (1000 Mbit/s)",,"High Dynamic Range Upscaling,Full Network Connectivity (Smart TV)",0,,60.1,60.55,60.1,93.21,,0.4,0.52,0.52,2022-11-18,2022-11-22,United States,ES_1065104_43HFL4518U/27_11222022102427I53_7349927
2405719,"Top Victory Electronics (Taiwan) Co., Ltd.",Philips,43HFL6214U/27,43HFL6214U/27,,871886300290,Television (TV),Consumer,LCD,Direct-lit LED,42.5,772.3,3840,2160,4K (UHD),0,"Universal Serial Bus (USB),HDMI",Gigabit Ethernet (1000 Mbit/s),,,0,,77.7,79.56,155.0,100.34,,0.42,0.65,0.65,2021-12-20,2022-11-23,United States,ES_1065104_43HFL6214U/27_11232022112427I05_7349927
2405713,"Top Victory Electronics (Taiwan) Co., Ltd.",Philips,50HFL4518U/27,50HFL4518U/27,,871886300399,Television (TV),Consumer,LCD,Direct-lit LED,49.5,1047.0,3840,2160,4K (UHD),0,"Universal Serial Bus (USB),HDMI","Gigabit Energy Efficient Ethernet (IEEE 802.3az),Gigabit Ethernet (1000 Mbit/s)",,"High Dynamic Range Upscaling,Full Network Connectivity (Smart TV)",0,,66.9,71.41,66.9,114.15,,0.35,0.47,0.47,2021-11-15,2022-11-21,United States,ES_1065104_50HFL4518U/27_11212022142452I59_7349927
3477598,"Top Victory Electronics (Taiwan) Co., Ltd.",Philips,50HFL5214U/27,50HFL5214U/27,"50BFL2214/27,50BFL2214/27,",871886300207;871886300269,Television (TV),Consumer,LCD,Direct-lit LED,49.5,1047.2,3840,2160,4K (UHD),0,"Universal Serial Bus (USB),HDMI",Gigabit Ethernet (1000 Mbit/s),,,0,,81.5,85.31,81.5,123.83,,0.42,0.83,0.83,2021-12-20,2022-09-19,United States,ES_1065104_50HFL5214U/27_05062024104827_9821352
3477600,"Top Victory Electronics (Taiwan) Co., Ltd.",Philips,50HFL6214U/27,50HFL6214U/27,,871886300306,Television (TV),Consumer,LCD,Direct-lit LED,49.5,1047.0,3840,2160,4K (UHD),0,"Universal Serial Bus (USB),HDMI",Gigabit Ethernet (1000 Mbit/s),,,0,,89.65,90.81,89.65,131.86,,0.45,0.83,0.83,2021-12-20,2022-09-19,United States,ES_1065104_50HFL6214U/27_05062024121755_9540133
2405721,"Top Victory Electronics (Taiwan) Co., Ltd.",Philips,55HFL4518U/27,55HFL4518U/27,,871886300405,Television (TV),Consumer,LCD,Direct-lit LED,54.6,1275.7,3840,2160,4K (UHD),0,"Universal Serial Bus (USB),HDMI","Gigabit Energy Efficient Ethernet (IEEE 802.3az),Gigabit Ethernet (1000 Mbit/s)",,"High Dynamic Range Upscaling,Full Network Connectivity (Smart TV)",0,,93.2,94.11,93.2,150.27,,0.4,0.51,0.51,2022-11-18,2022-11-23,United States,ES_1065104_55HFL4518U/27_1123202292455I14_7349927
2401931,"Top Victory Electronics (Taiwan) Co., Ltd.",Philips,55HFL5214U/27,55HFL5214U/27,"55BFL2214/27,55BFL2214/27,",871886300214;871886300276,Television (TV),Consumer,LCD,Direct-lit LED,54.5,1275.7,3840,2160,4K (UHD),0,"Universal Serial Bus (USB),HDMI",Gigabit Ethernet (1000 Mbit/s),,,0,,83.23,93.08,90.8,129.76,,0.4,0.79,0.79,2021-12-20,2022-09-19,United States,ES_1065104_55HFL5214U/27_09192022122420I33_7349927
3477601,"Top Victory Electronics (Taiwan) Co., Ltd.",Philips,58HFL6214U/27,58HFL6214U/27,,871886300313,Television (TV),Consumer,LCD,Direct-lit LED,57.5,1420.2,3840,2160,4K (UHD),0,"Universal Serial Bus (USB),HDMI",Gigabit Ethernet (1000 Mbit/s),,,0,,104.25,108.79,104.25,150.2,,0.43,0.79,0.79,2021-12-20,2022-09-19,United States,ES_1065104_58HFL6214U/27_05062024135125_6889532
2404180,"Top Victory Electronics (Taiwan) Co., Ltd.",Philips,65HFL5214U/27,65HFL5214U/27,",65BFL2214/27,65BFL2214/27",871886300221;871886300283,Television (TV),Consumer,LCD,Direct-lit LED,64.5,1779.1,3840,2160,4K (UHD),0,"Universal Serial Bus (USB),HDMI",Gigabit Ethernet (1000 Mbit/s),,,0,,126.8,129.13,126.8,159.42,,0.43,0.83,0.83,2021-12-21,2022-10-20,United States,ES_1065104_65HFL5214U/27_1020202214246I20_7349927
3462883,"Samsung Electronics Co., Ltd.",Samsung,QN55S85DAE,QN55S85DAE,"QN55S85DDE,QN55S85DDE,Same as basic model except model designation",,Television (TV),Consumer,OLED,OLED,54.6,1275.99,3840,2160,4K (UHD),1,"Universal Serial Bus (USB),Other,RS-232,HDMI",Fast Ethernet (100 Mbit/s),Bluetooth,"Wake-On-Cast Compatibility,Control Via Remote Control App,Control Via Smart Speaker,Upconversion,Motion-based Dynamic Dimming (MDD) (also known as Motion Eye Care),Automatic Brightness Control,User Adjustable Backlight",1,0.0,,,89.3,165.0,,,,,2024-05-13,2024-04-21,United States,ES_1023593_QN55S85DAE_042520242316691_9466034
3994230,"Samsung Electronics Co., Ltd.",Samsung,QN55S85FAF,QN55S85FAF,"QN55S85FBF,QN55S85FBF,Same as basic model except model designation; QN55S85FDF,QN55S85FDF,Same as basic model except model designation",,Television (TV),Consumer,OLED,OLED,54.6,1275.7,3840,2160,4K (UHD),1,"Universal Serial Bus (USB),Other,RS-232,HDMI",Fast Ethernet (100 Mbit/s),Bluetooth,"Quick Start,Wake-On-Cast Compatibility,Control Via Remote Control App,Control Via Smart Speaker,Upconversion,Motion-based Dynamic Dimming (MDD) (also known as Motion Eye Care),Automatic Brightness Control,User Adjustable Backlight",1,0.0,96.48,117.12,96.48,180.24,0.6,,,,2025-02-03,2025-02-05,United States,ES_1023593_QN55S85FAF_020520250644144_2338251
3354310,"Samsung Electronics Co., Ltd.",Samsung,QN55S90DAF,QN55S90DAF,"QN55S90DDF,QN55S90DDF,Same as basic model except model designation; QN55S92DAF,QN55S92DAF,Same as basic model except model designation",,Television (TV),Consumer,OLED,OLED,54.6,1276.67,3840,2160,4K (UHD),1,"Universal Serial Bus (USB),Other,RS-232,HDMI",Fast Ethernet (100 Mbit/s),Bluetooth,"High Dynamic Range Upscaling,Wake-On-Cast Compatibility,Control Via Remote Control App,Control Via Smart Speaker,Upconversion,Motion-based Dynamic Dimming (MDD) (also known as Motion Eye Care),Automatic Brightness Control,User Adjustable Backlight",1,0.0,98.58,122.33,98.58,184.1,,0.3,0.6,,2023-12-29,2023-12-18,United States,ES_1023593_QN55S90DAF_121820230432730_2283422
3984068,"Samsung Electronics Co., Ltd.",Samsung,QN55S90FAF,QN55S90FAF,"QN55S90FDF,QN55S90FDF,Same as basic model except model designation.; QN55S92FAF,QN55S92FAF,Same as basic model except model designation.",,Television (TV),Consumer,OLED,OLED,54.6,1275.7,3840,2160,4K (UHD),1,"Universal Serial Bus (USB),Other,RS-232,HDMI",Fast Ethernet (100 Mbit/s),Bluetooth,"Quick Start,Wake-On-Cast Compatibility,Control Via Remote Control App,Control Via Smart Speaker,Upconversion,Motion-based Dynamic Dimming (MDD) (also known as Motion Eye Care),Automatic Brightness Control,User Adjustable Backlight",1,0.0,98.73,124.54,98.73,186.41,0.9,,,,2025-02-10,2025-01-31,United States,ES_1023593_QN55S90FAF_013120250758713_6981381
3354428,"Samsung Electronics Co., Ltd.",Samsung,QN55S95DAF,QN55S95DAF,"QN55S95DDF,QN55S95DDF,Same as basic model except model designation",,Television (TV),Consumer,OLED,OLED,54.6,1276.67,3840,2160,4K (UHD),1,"Universal Serial Bus (USB),Other,RS-232,HDMI",Fast Ethernet (100 Mbit/s),Bluetooth,"High Dynamic Range Upscaling,Wake-On-Cast Compatibility,Control Via Remote Control App,Control Via Smart Speaker,Upconversion,Motion-based Dynamic Dimming (MDD) (also known as Motion Eye Care),Automatic Brightness Control,User Adjustable Backlight",1,0.0,112.43,125.11,112.43,245.8,,0.3,0.7,,2024-01-02,2023-12-26,United States,ES_1023593_QN55S95DAF_122620230523739_4325753
3994242,"Samsung Electronics Co., Ltd.",Samsung,QN55S95FAF,QN55S95FAF,"QN55S95FDF,QN55S95FDF,Same as basic model except model designation",,Television (TV),Consumer,OLED,OLED,54.6,1275.7,3840,2160,4K (UHD),1,"Universal Serial Bus (USB),Other,RS-232,HDMI",Fast Ethernet (100 Mbit/s),Bluetooth,"Quick Start,Wake-On-Cast Compatibility,Control Via Remote Control App,Control Via Smart Speaker,Upconversion,Motion-based Dynamic Dimming (MDD) (also known as Motion Eye Care),Automatic Brightness Control,User Adjustable Backlight",1,0.0,113.6,126.38,113.6,211.48,0.6,,,,2025-02-10,2025-02-06,United States,ES_1023593_QN55S95FAF_02052025043413_1115461
3354305,"Samsung Electronics Co., Ltd.",Samsung,QN65QN90DAF,QN65QN90DAF,"QN65QN90DDF,QN65QN90DDF,Same as basic model except model designation; QN65QN92DAF,QN65QN92DAF,Same as basic model except model designation",,Television (TV),Consumer,QD-LED (QLED),Direct-lit LED,64.5,1779.11,3840,2160,4K (UHD),0,"Universal Serial Bus (USB),Other,RS-232,HDMI",Fast Ethernet (100 Mbit/s),Bluetooth,"High Dynamic Range Upscaling,Wake-On-Cast Compatibility,Control Via Remote Control App,Control Via Smart Speaker,Upconversion,Motion-based Dynamic Dimming (MDD) (also known as Motion Eye Care),Automatic Brightness Control,User Adjustable Backlight",1,0.0,121.96,149.16,121.96,265.9,,0.3,0.6,,2023-12-29,2023-12-07,United States,ES_1023593_QN65QN90DAF_121220230809405_3064777
3943232,"Samsung Electronics Co., Ltd.",Samsung,QN65QN90FAF,QN65QN90FAF,"QN65QN90FDF,QN65QN90FDF,Same as basic model except model designation; QN65QN92FAF,QN65QN92FAF,Same as basic model except model designation",,Television (TV),Consumer,QD-LED (QLED),Direct-lit LED,64.5,1779.1,3840,2160,4K (UHD),0,"Universal Serial Bus (USB),Other,RS-232,HDMI",Fast Ethernet (100 Mbit/s),Bluetooth,"Quick Start,Wake-On-Cast Compatibility,Control Via Remote Control App,Control Via Smart Speaker,Upconversion,Motion-based Dynamic Dimming (MDD) (also known as Motion Eye Care),Automatic Brightness Control,User Adjustable Backlight",1,0.0,125.93,149.16,125.93,234.67,0.7,,,,2025-01-27,2025-01-22,United States,ES_1023593_QN65QN90FAF_012020250902115_4362758
3354726,"Samsung Electronics Co., Ltd.",Samsung,QN65QN95DAF,QN65QN95DAF,,,Television (TV),Consumer,QD-LED (QLED),Direct-lit LED,64.5,1779.11,3840,2160,4K (UHD),0,"Universal Serial Bus (USB),Other,RS-232,HDMI",Fast Ethernet (100 Mbit/s),Bluetooth,"High Dynamic Range Upscaling,Wake-On-Cast Compatibility,Control Via Remote Control App,Control Via Smart Speaker,Upconversion,Motion-based Dynamic Dimming (MDD) (also known as Motion Eye Care),Automatic Brightness Control,User Adjustable Backlight",1,0.0,125.73,149.16,125.73,275.0,,0.3,0.6,,2024-01-03,2024-01-02,United States,ES_1023593_QN65QN95DAF_010220240426303_3010006
4437467,"Samsung Electronics Co., Ltd.",Samsung,QN65S84FAE,QN65S84FAE,"QN65S84FDE,QN65S84FDE,Same as basic model except model designation",,Television (TV),Consumer,OLED,OLED,64.5,1779.1,3840,2160,4K (UHD),1,"Universal Serial Bus (USB),Other,RS-232,HDMI",Fast Ethernet (100 Mbit/s),Bluetooth,"Quick Start,High Dynamic Range Upscaling,Wake-On-Cast Compatibility,Control Via Remote Control App,Control Via Smart Speaker,Upconversion,Motion-based Dynamic Dimming (MDD) (also known as Motion Eye Care),Voice Recognition,Automatic Brightness Control,User Adjustable Backlight",1,0.0,118.6,123.16,118.6,221.3,0.7,,,,2025-06-23,2025-06-16,United States,ES_1023593_QN65S84FAE_061220251234792_9582239
3798572,"LG Electronics, Inc.",Lg,OLED48C5***,OLED48C5***,",,* may be any alphanumeric according to color of stand or enclosure",195174103951;195174105979,Television (TV),Consumer,OLED,OLED,47.5,964.22,3840,2160,4K (UHD),1,"Universal Serial Bus (USB),Other,RS-232,HDMI",Fast Ethernet (100 Mbit/s),Bluetooth,"Quick Start,Wake-On-Cast Compatibility,Control Via Remote Control App,Control Via Smart Speaker,Motion-based Dynamic Dimming (MDD) (also known as Motion Eye Care),Wide Color Gamut,Automatic Brightness Control,User Adjustable Backlight",1,0.0,87.0,90.89,87.0,162.0,0.4,,,,2025-03-21,2024-11-12,United States,ES_1118034_OLED48C5***_11122024002580_4410375
3049373,"LG Electronics, Inc.",Lg,OLED55B4PU*,OLED55B4PU*,"OLED55B4AU*,OLED55B4AU*,OLED55B4AU* is the same as OLED55B4PU* except for model designation.* may be any alphanumeric according to color of stand or enclosure; OLED55B4EU*,OLED55B4EU*,OLED55B4EU* is the same as OLED55B4PU* except for model designation. (* may be any alphanumeric according to color of stand or enclosure.)",195174077290;195174077306,Television (TV),Consumer,OLED,OLED,54.6,1275.74,3840,2160,4K (UHD),1,"Universal Serial Bus (USB),Other,RS-232,HDMI",Fast Ethernet (100 Mbit/s),Bluetooth,"Quick Start,Wake-On-Cast Compatibility,Control Via Remote Control App,Control Via Smart Speaker,Automatic Brightness Control,User Adjustable Backlight",1,0.0,95.5,116.6,95.5,177.0,0.4,0.3,0.4,0.4,2024-02-20,2023-12-19,United States,ES_1118034_OLED55B4PU*_121920231333329_5810272
3892685,"LG Electronics, Inc.",Lg,OLED55B5***,OLED55B5***,",,* may be any alphanumeric according to color of stand or enclosure",8806096368299,Television (TV),Consumer,OLED,OLED,54.6,1270.91,3840,2160,4K (UHD),1,"Universal Serial Bus (USB),Other,RS-232,HDMI",Fast Ethernet (100 Mbit/s),Bluetooth,"Quick Start,Wake-On-Cast Compatibility,Control Via Remote Control App,Control Via Smart Speaker,Automatic Brightness Control,User Adjustable Backlight",1,0.0,100.2,111.7,110.9,205.0,,,0.4,,2025-03-11,2025-01-09,United States,ES_1118034_OLED55B5***_010920250634386_4508449
2838654,"LG Electronics, Inc.",Lg,OLED55C4PU*,OLED55C4PU*,"OLED55C4AU*,OLED55C4AU*,OLED55C4AU* is the same as OLED55C4PU* except for model designation.* may be any alphanumeric according to color of stand or enclosure",195174077238;195174078150,Television (TV),Consumer,OLED,OLED,54.6,1275.74,3840,2160,4K (UHD),1,"Universal Serial Bus (USB),Other,RS-232,HDMI",Fast Ethernet (100 Mbit/s),Bluetooth,"Quick Start,Wake-On-Cast Compatibility,Control Via Remote Control App,Control Via Smart Speaker,Automatic Brightness Control,User Adjustable Backlight",1,0.0,103.1,124.0,103.1,191.0,,0.3,0.4,0.4,2024-02-20,2023-12-05,United States,ES_1118034_OLED55C4PU*_120520230754834_6379453
3798865,"LG Electronics, Inc.",Lg,OLED55C5***,OLED55C5***,",,* may be any alphanumeric according to color of stand or enclosure",195174102664;195174106051,Television (TV),Consumer,OLED,OLED,54.6,1270.92,3840,2160,4K (UHD),1,"Universal Serial Bus (USB),Other,RS-232,HDMI",Fast Ethernet (100 Mbit/s),Bluetooth,"Quick Start,Wake-On-Cast Compatibility,Control Via Remote Control App,Control Via Smart Speaker,Motion-based Dynamic Dimming (MDD) (also known as Motion Eye Care),Wide Color Gamut,Automatic Brightness Control,User Adjustable Backlight",1,0.0,,,123.6,228.0,0.4,,,,2025-04-04,2024-11-18,United States,ES_1118034_OLED55C5***_111520241005286_9270839
3722623,"LG Electronics, Inc.",Lg,OLED55G5***,OLED55G5***,",,* may be any alphanumeric according to color of stand or enclosure",195174103968,Television (TV),Consumer,OLED,OLED,54.6,1270.92,3840,2160,4K (UHD),1,"Universal Serial Bus (USB),Other,RS-232,HDMI",Fast Ethernet (100 Mbit/s),Bluetooth,"Quick Start,Wake-On-Cast Compatibility,Control Via Remote Control App,Control Via Smart Speaker,Motion-based Dynamic Dimming (MDD) (also known as Motion Eye Care),Wide Color Gamut,Automatic Brightness Control,User Adjustable Backlight",1,0.0,,,118.8,217.0,0.4,,,,2025-03-21,2024-11-10,United States,ES_1118034_OLED55G5***_111020242335801_8185784
3049374,"LG Electronics, Inc.",Lg,OLED65B4PU*,OLED65B4PU*,"OLED65B4AU*,OLED65B4AU*,OLED65B4AU* is the same as OLED65B4PU* except for model designation.* may be any alphanumeric according to color of stand or enclosure; OLED65B4EU*,OLED65B4EU*,OLED65B4EU* is the same as OLED65B4PU* except for model designation.* may be any alphanumeric according to color of stand or enclosure",195174077252;195174078174,Television (TV),Consumer,OLED,OLED,64.5,1778.87,3840,2160,4K (UHD),1,"Universal Serial Bus (USB),Other,RS-232,HDMI",Fast Ethernet (100 Mbit/s),Bluetooth,"Quick Start,Wake-On-Cast Compatibility,Control Via Remote Control App,Control Via Smart Speaker,Automatic Brightness Control,User Adjustable Backlight",1,0.0,114.0,137.6,114.0,211.0,0.4,0.3,0.4,0.4,2024-04-07,2023-12-20,United States,ES_1118034_OLED65B4PU*_122020231113408_7049302
3798904,"LG Electronics, Inc.",Lg,OLED65B5***,OLED65B5***,",,* may be any alphanumeric according to color of stand or enclosure",195174106068;195174106099,Television (TV),Consumer,OLED,OLED,64.5,1775.92,3840,2160,4K (UHD),1,"Universal Serial Bus (USB),Other,RS-232,HDMI",Fast Ethernet (100 Mbit/s),Bluetooth,"Quick Start,Wake-On-Cast Compatibility,Control Via Remote Control App,Control Via Smart Speaker,Motion-based Dynamic Dimming (MDD) (also known as Motion Eye Care),Wide Color Gamut,Automatic Brightness Control,User Adjustable Backlight",1,0.0,,,126.9,234.0,0.4,,,,2025-04-11,2024-11-20,United States,ES_1118034_OLED65B5***_111520241005804_2970809
2838655,"LG Electronics, Inc.",Lg,OLED65C4PU*,OLED65C4PU*,"OLED65C4AU*,OLED65C4AU*,OLED65C4AU* is the same as OLED65C4PU* except for model designation.* may be any alphanumeric according to color of stand or enclosure",195174077207;195174078181,Television (TV),Consumer,OLED,OLED,64.5,1778.87,3840,2160,4K (UHD),1,"Universal Serial Bus (USB),Other,RS-232,HDMI",Fast Ethernet (100 Mbit/s),Bluetooth,"Quick Start,Wake-On-Cast Compatibility,Control Via Remote Control App,Control Via Smart Speaker,Automatic Brightness Control,User Adjustable Backlight",1,0.0,131.9,147.2,131.9,244.0,,0.3,0.5,0.5,2024-02-20,2023-12-05,United States,ES_1118034_OLED65C4PU*_120520231442163_1126459
3798866,"LG Electronics, Inc.",Lg,OLED65C5***,OLED65C5***,",,* may be any alphanumeric according to color of stand or enclosure",195174102688;195174106105,Television (TV),Consumer,OLED,OLED,64.5,1775.92,3840,2160,4K (UHD),1,"Universal Serial Bus (USB),Other,RS-232,HDMI",Fast Ethernet (100 Mbit/s),Bluetooth,"Quick Start,Wake-On-Cast Compatibility,Control Via Remote Control App,Control Via Smart Speaker,Motion-based Dynamic Dimming (MDD) (also known as Motion Eye Care),Wide Color Gamut,Automatic Brightness Control,User Adjustable Backlight",1,0.0,,,149.0,275.0,0.4,,,,2025-04-04,2024-11-18,United States,ES_1118034_OLED65C5***_111520241005589_3541681
3814874,"LG Electronics, Inc.",Lg,OLED65G5***,OLED65G5***,",,* may be any alphanumeric according to color of stand or enclosure",195174103982,Television (TV),Consumer,OLED,OLED,64.5,1775.92,3840,2160,4K (UHD),1,"Universal Serial Bus (USB),Other,RS-232,HDMI",Fast Ethernet (100 Mbit/s),Bluetooth,"Quick Start,Wake-On-Cast Compatibility,Control Via Remote Control App,Control Via Smart Speaker,Motion-based Dynamic Dimming (MDD) (also known as Motion Eye Care),Wide Color Gamut,Automatic Brightness Control,User Adjustable Backlight",1,0.0,,,135.8,251.0,0.4,,,,2025-03-21,2024-11-25,United States,ES_1118034_OLED65G5***_112120242314378_5447251
3143234,"LG Electronics, Inc.",Lg,OLED77B4PU*,OLED77B4PU*,"OLED77B4AU*,OLED77B4AU*,OLED77B4AU* is the same as OLED77B4PU* except for model designation.* may be any alphanumeric according to color of stand or enclosure; OLED77B4EU*,OLED77B4EU*,OLED77B4EU* is the same as OLED77B4PU* except for model designation.* may be any alphanumeric according to color of stand or enclosure",195174077214;195174077221,Television (TV),Consumer,OLED,OLED,76.7,2512.52,3840,2160,4K (UHD),1,"Universal Serial Bus (USB),Other,RS-232,HDMI",Fast Ethernet (100 Mbit/s),Bluetooth,"Quick Start,Wake-On-Cast Compatibility,Control Via Remote Control App,Control Via Smart Speaker,Automatic Brightness Control,User Adjustable Backlight",1,0.0,142.8,152.9,142.8,263.0,0.4,0.3,0.4,0.4,2024-04-07,2023-12-21,United States,ES_1118034_OLED77B4PU*_122120230719523_8888606
3892684,"LG Electronics, Inc.",Lg,OLED77B5***,OLED77B5***,",,* may be any alphanumeric according to color of stand or enclosure",195174106143,Television (TV),Consumer,OLED,OLED,76.7,2505.0,3840,2160,4K (UHD),1,"Universal Serial Bus (USB),Other,RS-232,HDMI",Fast Ethernet (100 Mbit/s),Bluetooth,"Quick Start,Wake-On-Cast Compatibility,Control Via Remote Control App,Control Via Smart Speaker,Automatic Brightness Control,User Adjustable Backlight",1,0.0,176.4,176.3,187.0,344.0,,,0.4,,2025-03-10,2024-12-13,United States,ES_1118034_OLED77B5***_010920250634117_6970181
2740387,"LG Electronics, Inc.",Lg,OLED77C4PU*,OLED77C4PU*,"OLED77C4AU*,OLED77C4AU*,OLED77C4AU* is the same as OLED77C4PU* except for model designation.* may be any alphanumeric according to color of stand or enclosure",195174076750;195174078198,Television (TV),Consumer,OLED,OLED,76.7,2512.52,3840,2160,4K (UHD),1,"Universal Serial Bus (USB),Other,RS-232,HDMI",Fast Ethernet (100 Mbit/s),Bluetooth,"Quick Start,Wake-On-Cast Compatibility,Control Via Remote Control App,Control Via Smart Speaker,Motion-based Dynamic Dimming (MDD) (also known as Motion Eye Care),Automatic Brightness Control,User Adjustable Backlight",1,0.0,164.9,185.7,164.9,304.0,,0.3,0.4,0.4,2024-02-20,2023-11-20,United States,ES_1118034_OLED77C4PU*_112020230528593_3556352
3798867,"LG Electronics, Inc.",Lg,OLED77C5***,OLED77C5***,",,* may be any alphanumeric according to color of stand or enclosure",195174102701;195174106174,Television (TV),Consumer,OLED,OLED,76.7,2505.0,3840,2160,4K (UHD),1,"Universal Serial Bus (USB),Other,RS-232,HDMI",Fast Ethernet (100 Mbit/s),Bluetooth,"Quick Start,Wake-On-Cast Compatibility,Control Via Remote Control App,Control Via Smart Speaker,Motion-based Dynamic Dimming (MDD) (also known as Motion Eye Care),Wide Color Gamut,Automatic Brightness Control,User Adjustable Backlight",1,0.0,,,187.0,344.0,0.4,,,,2025-04-04,2024-11-12,United States,ES_1118034_OLED77C5***_111520241005304_1476881
3814875,"LG Electronics, Inc.",Lg,OLED77G5***,OLED77G5***,",,* may be any alphanumeric according to color of stand or enclosure",195174106198,Television (TV),Consumer,OLED,OLED,76.7,2505.0,3840,2160,4K (UHD),1,"Universal Serial Bus (USB),Other,RS-232,HDMI",Fast Ethernet (100 Mbit/s),Bluetooth,"Quick Start,Wake-On-Cast Compatibility,Control Via Remote Control App,Control Via Smart Speaker,Motion-based Dynamic Dimming (MDD) (also known as Motion Eye Care),Wide Color Gamut,Automatic Brightness Control,User Adjustable Backlight",1,0.0,,,189.1,348.0,0.4,,,,2025-04-04,2024-11-25,United States,ES_1118034_OLED77G5***_112120242314728_2599749
3477772,"LG Electronics, Inc.",Lg,OLED83B4PU*,OLED83B4PU*,"OLED83B4AU*,OLED83B4AU*,OLED83B4AU* is the same as OLED83B4PU* except for model designation.* may be any alphanumeric according to color of stand or enclosure; OLED83B4EU*,OLED83B4EU*,OLED83B4EU* is the same as OLED83B4PU* except for model designation. * may be any alphanumeric according to color of stand or enclosure",195174090763;195174093436,Television (TV),Consumer,OLED,OLED,82.5,2909.16,3840,2160,4K (UHD),1,"Universal Serial Bus (USB),Other,RS-232,HDMI",Fast Ethernet (100 Mbit/s),Bluetooth,"Quick Start,Wake-On-Cast Compatibility,Control Via Remote Control App,Control Via Smart Speaker,Automatic Brightness Control,User Adjustable Backlight",1,0.0,170.3,185.2,170.3,314.0,0.4,0.3,0.4,0.4,2024-08-08,2024-04-25,United States,ES_1118034_OLED83B4PU*_050320240554813_9001141
3942851,"LG Electronics, Inc.",Lg,OLED83B5PU*,OLED83B5PU*,"OLED83B5AU*,OLED83B5AU*,* may be any alphanumeric according to color of stand or enclosure",195174106235;195174106259,Television (TV),Consumer,OLED,OLED,82.5,2904.76,3840,2160,4K (UHD),1,"Universal Serial Bus (USB),Other,RS-232,HDMI",Fast Ethernet (100 Mbit/s),Bluetooth,"Quick Start,Wake-On-Cast Compatibility,Control Via Remote Control App,Control Via Smart Speaker,Motion-based Dynamic Dimming (MDD) (also known as Motion Eye Care),Wide Color Gamut,Automatic Brightness Control,User Adjustable Backlight",1,0.0,,,177.3,326.0,0.4,,,,2025-06-06,2025-01-14,United States,ES_1118034_OLED83B5PU*_011420252335159_1863615
3361112,"LG Electronics, Inc.",Lg,OLED83C4PU*,OLED83C4PU*,"OLED83C4AU*,OLED83C4AU*,OLED83C4AU* is the same as OLED83C4PU* except for model designation.* may be any alphanumeric according to color of stand or enclosure",195174079485;195174079492,Television (TV),Consumer,OLED,OLED,82.5,2909.16,3840,2160,4K (UHD),1,"Universal Serial Bus (USB),Other,RS-232,HDMI",Fast Ethernet (100 Mbit/s),Bluetooth,"Quick Start,Wake-On-Cast Compatibility,Control Via Remote Control App,Control Via Smart Speaker,Automatic Brightness Control,User Adjustable Backlight",1,0.0,196.9,214.6,196.9,362.0,,0.3,0.4,0.4,2024-04-20,2024-01-09,United States,ES_1118034_OLED83C4PU*_010920240602719_9783321
3892239,"LG Electronics, Inc.",Lg,OLED83C5P**,OLED83C5P**,"OLED83C5A**,OLED83C5A**,* may be any alphanumeric according to color of stand or enclosure",195174106273;195174106297,Television (TV),Consumer,OLED,OLED,82.5,2904.76,3840,2160,4K (UHD),1,"Universal Serial Bus (USB),Other,RS-232,HDMI",Fast Ethernet (100 Mbit/s),Bluetooth,"Quick Start,Wake-On-Cast Compatibility,Control Via Remote Control App,Control Via Smart Speaker,Motion-based Dynamic Dimming (MDD) (also known as Motion Eye Care),Wide Color Gamut,Automatic Brightness Control,User Adjustable Backlight",1,0.0,,,206.8,377.0,0.4,,,,2025-04-18,2025-01-02,United States,ES_1118034_OLED83C5P**_122920242312776_2036643
3814876,"LG Electronics, Inc.",Lg,OLED83G5***,OLED83G5***,",,* may be any alphanumeric according to color of stand or enclosure",195174106303,Television (TV),Consumer,OLED,OLED,82.5,2904.76,3840,2160,4K (UHD),1,"Universal Serial Bus (USB),Other,RS-232,HDMI",Fast Ethernet (100 Mbit/s),Bluetooth,"Quick Start,Wake-On-Cast Compatibility,Control Via Remote Control App,Control Via Smart Speaker,Motion-based Dynamic Dimming (MDD) (also known as Motion Eye Care),Wide Color Gamut,Automatic Brightness Control,User Adjustable Backlight",1,0.0,,,204.2,375.0,0.4,,,,2025-04-04,2024-11-25,United States,ES_1118034_OLED83G5***_112120242314624_8895855
2649998,"Naxa Electronics, Inc.",Clear Tunes,ATSC-PM81331,ATSC-PM81331,",ATSC-PM31331,; ,CT-1315N,; ,CT-1315S,; ,CT-1350N,; ,CT-1350S,; ,CT-1351N,; ,CT-1351S,; ,CT-1352N,; ,CT-1352S,; ,CT-1353N,; ,CT-1353S,; ,CT-1354N,; ,CT-1354S,; ,CT-1355N,; ,CT-1355S,; ,CT-1356N,; ,CT-1356S,; ,CT-1357N,; ,CT-1357S,; ,CT-1358N,; ,CT-1358S,; ,CT-1359N,; ,CT-1359S,; ,CT-1360N,; ,CT-1360S,; ,CT-1385S,; ,EXB13.3LED,; ,NTD-1356A,; ,PDVA-PM31331,; ,PDVA-PM81331,",840005019191;840005019252,Television (TV),Consumer,LCD,Direct-lit LED,13.23,74.55,1366,768,Other,0,"Universal Serial Bus (USB),Other,HDMI",,,,0,,9.3,35.45,9.3,18.36,,0.2,0.0,0.2,2023-07-28,2023-09-05,"United States, Canada",ES_1117334_ATSC-PM81331_08082023105101_6683160
2400243,"Naxa Electronics, Inc.",Clear Tunes,CT-1385S,CT-1385S,",CT-1315N,; ,CT-1315S,; ,CT-1390N,; ,NTD-1356A,; ,NTD-1357,; ,NTD-1358,; ,NTD-1359,; ,NTD-1360,; ,NTD-1361,; ,NTD-1362,; ,NTD-1363,; ,NTD-1364,; ,NTD-1365,",744234404837,Television (TV),Consumer,LCD,Edge-lit LED,13.25,75.08,1366,768,Other,0,"Universal Serial Bus (USB),HDMI",,,,0,,10.7,20.76,10.7,22.09,,0.37,0.0,0.0,2022-10-10,2022-08-17,"United States, Canada",ES_1117334_CT-1385S_08162022113718_448572
2400244,"Naxa Electronics, Inc.",Clear Tunes,CT-1514S,CT-1514S,",CT-1514N,; ,CT-1586N,; ,CT-1590N,; ,CT-1596N,",744234405278,Television (TV),Consumer,LCD,Edge-lit LED,15.55,103.25,1366,768,Other,0,"Universal Serial Bus (USB),HDMI",,,,0,,9.5,23.09,9.5,19.97,,0.38,0.0,0.0,2022-10-10,2022-08-17,"United States, Canada",ES_1117334_CT-1514S_08162022173330_7338678
2649995,"Naxa Electronics, Inc.",Clear Tunes,PDVA-PM31561,PDVA-PM31561,",ATSC-PM31561,; ,ATSC-PM81561,; ,CT-1514S:CT-1514N,; ,CT-1515N,; ,CT-1550N,; ,CT-1550S,; ,CT-1551N,; ,CT-1551S,; ,CT-1552N,; ,CT-1552S,; ,CT-1553N,; ,CT-1553S,; ,CT-1554N,; ,CT-1554S,; ,CT-1555N,; ,CT-1555S,; ,CT-1556N,; ,CT-1556S,; ,CT-1557N,; ,CT-1557S,; ,CT-1558N,; ,CT-1558S,; ,CT-1559N,; ,CT-1559S,; ,CT-1560N,; ,CT-1560S,; ,CT-1584S,; ,CT-1590N,; ,PDVA-PM81561,",840005019207;840005019214;840005019269;840005019276,Television (TV),Consumer,LCD,Direct-lit LED,15.47,102.06,1920,1080,High Definition (HD),0,"Universal Serial Bus (USB),Other,HDMI",,,,0,,12.55,43.65,12.55,24.29,,0.2,0.0,0.2,2023-07-28,2023-09-05,"United States, Canada",ES_1117334_PDVA-PM31561_08072023204753_7426416
2649999,"Naxa Electronics, Inc.",Emerson,ATSC-PM81331,ATSC-PM81331,",ATSC-PM31331,; ,ETC-1300N,; ,ETC-1300S,; ,ETC-1301N,; ,ETC-1301S,; ,ETC-1302N,; ,ETC-1302S,; ,ETC-1303N,; ,ETC-1303S,; ,ETC-1304N,; ,ETC-1304S,; ,ETC-1305N,; ,ETC-1305S,; ,PDVA-PM31331,; ,PDVA-PM81331,",840005019191;840005019252,Television (TV),Consumer,LCD,Direct-lit LED,13.23,74.55,1366,768,Other,0,"Universal Serial Bus (USB),Other,HDMI",,,,0,,9.3,35.45,9.3,18.36,,0.2,0.0,0.2,2023-07-28,2023-09-05,"United States, Canada",ES_1117334_ATSC-PM81331_08082023105101_719873
2649996,"Naxa Electronics, Inc.",Emerson,PDVA-PM31561,PDVA-PM31561,",ATSC-PM31561,; ,ATSC-PM81561,; ,ETC-1500N,; ,ETC-1500S,; ,ETC-1501N,; ,ETC-1501S,; ,ETC-1502N,; ,ETC-1502S,; ,ETC-1503N,; ,ETC-1503S,; ,ETC-1504N,; ,ETC-1504S,; ,ETC-1505N,; ,ETC-1505S,; ,PDVA-PM81561,",840005019207;840005019214;840005019269;840005019276,Television (TV),Consumer,LCD,Direct-lit LED,15.47,102.06,1920,1080,High Definition (HD),0,"Universal Serial Bus (USB),Other,HDMI",,,,0,,12.55,43.65,12.55,24.29,,0.2,0.0,0.2,2023-07-28,2023-09-05,"United States, Canada",ES_1117334_PDVA-PM31561_08072023204753_7397882
2648522,"Naxa Electronics, Inc.",Emerson,PDVA-PM81851,PDVA-PM81851,",ATSC-PM81851,; ,ETC-1900N,; ,ETC-1900S,; ,ETC-1901N,; ,ETC-1901S,; ,ETC-1902N,; ,ETC-1902S,; ,ETC-1903N,; ,ETC-1903S,; ,ETC-1904N,; ,ETC-1904S,; ,ETC-1905N,; ,ETC-1905S,",840005019221;840005019238,Television (TV),Consumer,LCD,Direct-lit LED,18.49,145.58,1366,768,Other,0,"Universal Serial Bus (USB),Other,HDMI",,,,0,,17.15,52.55,17.15,32.69,,0.2,,,2023-07-28,2023-08-25,"United States, Canada",ES_1117334_PDVA-PM81851_08232023174737_8262597
3518765,"NEC Display Solutions of America, Inc.",Nec,E328,E328,"E328-2,E328-2,E328-2",573607351,Television (TV),Consumer,"LCD,Other",Other,31.6,425.43,1080,1920,High Definition (HD),0,"Universal Serial Bus (USB),Other,RS-232,HDMI",,,"Other,Automatic Brightness Control,User Adjustable Backlight",1,0.0,,,30.29,56.53,,0.18,,,2024-05-10,2024-05-21,"United States, Canada",E328-2
3530982,"NEC Display Solutions of America, Inc.",Nec,E498,E498,,0573607353,Television (TV),Consumer,Other,Direct-lit LED,48.5,1275.34,3840,2160,Standard Definition (SD),0,"Universal Serial Bus (USB),Other,RS-232,HDMI",,,"Other,Automatic Brightness Control,User Adjustable Backlight",1,0.0,,,66.98,123.0,0.17,,,,2024-05-10,2024-05-21,"United States, Canada",ES_1021168_E498_05212024132743_6402022
4430171,"Samsung Electronics Co., Ltd.",Samsung,QN115QN90FF,QN115QN90FF,,,Television (TV),Consumer,QD-LED (QLED),Direct-lit LED,114.4,5600.2,3840,2160,4K (UHD),0,"Universal Serial Bus (USB),Other,RS-232,HDMI",Fast Ethernet (100 Mbit/s),Bluetooth,"Quick Start,Wake-On-Cast Compatibility,Control Via Remote Control App,Control Via Smart Speaker,Upconversion,Motion-based Dynamic Dimming (MDD) (also known as Motion Eye Care),Automatic Brightness Control,User Adjustable Backlight",1,0.0,343.5,389.96,343.5,631.05,0.6,,,,2025-06-09,2025-06-09,United States,ES_1023593_QN115QN90FF_06092025040689_5180749
3462878,"Samsung Electronics Co., Ltd.",Samsung,QN42S90DAE,QN42S90DAE,"QN42S90DDE,QN42S90DDE,Same as basic model except model designation",,Television (TV),Consumer,OLED,OLED,41.5,737.4,3840,2160,4K (UHD),1,"Universal Serial Bus (USB),Other,RS-232,HDMI",Fast Ethernet (100 Mbit/s),Bluetooth,"Wake-On-Cast Compatibility,Control Via Remote Control App,Control Via Smart Speaker,Upconversion,Motion-based Dynamic Dimming (MDD) (also known as Motion Eye Care),Automatic Brightness Control,User Adjustable Backlight",1,0.0,,,71.3,132.0,,,,,2024-04-25,2024-04-18,United States,ES_1023593_QN42S90DAE_042120240811785_9250852
3477603,"Top Victory Electronics (Taiwan) Co., Ltd.",Philips,65HFL6214U/27,65HFL6214U/27,,871886300320,Television (TV),Consumer,LCD,Direct-lit LED,64.5,1779.1,3840,2160,4K (UHD),0,"Universal Serial Bus (USB),HDMI",Gigabit Ethernet (1000 Mbit/s),,,0,,116.4,121.41,116.4,175.75,,0.43,0.79,0.79,2021-12-20,2022-09-26,United States,ES_1065104_65HFL6214U/27_05062024153906_1659605
3477602,"Top Victory Electronics (Taiwan) Co., Ltd.",Philips,75HFL6214U/27,75HFL6214U/27,"75BFL2214/27,75BFL2214/27,",871886300245;871886300337,Television (TV),Consumer,LCD,Direct-lit LED,74.5,2372.7,3840,2160,4K (UHD),0,"Universal Serial Bus (USB),HDMI",Gigabit Ethernet (1000 Mbit/s),,,0,,154.31,155.79,255.0,186.44,,0.42,0.76,0.76,2021-12-20,2022-09-20,United States,ES_1065104_75HFL6214U/27_05062024144922_5546769
2407358,Xitrix Computer Corporation,Xitrix,XPN-DSA3250,XPN-DSA3250,,,Television (TV),Consumer,LCD,Direct-lit LED,32.0,424.18,768,1366,Other,0,"Universal Serial Bus (USB),Other,HDMI",,,,0,,34.4,42.8,34.4,64.37,,0.22,0.22,0.22,2023-01-05,2023-01-26,"United States, Canada",ES_1058575_XPN-DSA3250_01162023112847_6901971
2631698,Xitrix Computer Corporation,Xitrix,XPN-DSA5550,XPN-DSA5550,,,Television (TV),Consumer,LCD,Direct-lit LED,54.64,1275.26,3840,2160,4K (UHD),0,"Universal Serial Bus (USB),HDMI",,,,0,,83.92,109.79,83.92,155.23,,0.3,0.31,0.0,2023-07-27,2023-07-31,"United States, Canada",ES_1058575_XPN-DSA5550._07182023150827_7694208
2407357,Xitrix Computer Corporation,Xitrix,XPN-DSA5850,XPN-DSA5850,,,Television (TV),Consumer,LCD,Direct-lit LED,58.0,1420.0,2160,3840,Other,0,"Universal Serial Bus (USB),Other,HDMI",,,,0,,100.9,174.89,100.9,186.15,,0.29,0.29,0.29,2023-01-05,2023-01-26,"United States, Canada",ES_1058575_XPN-DSA5850_01162023110645_9811822
2407456,Xitrix Computer Corporation,Xitrix,XPN-DSA6550,XPN-DSA6550,,,Television (TV),Consumer,LCD,Direct-lit LED,65.0,1825.74,2160,3840,Other,0,"Universal Serial Bus (USB),Other,HDMI",,,,0,,102.78,214.2,102.78,189.72,,0.31,0.31,0.31,2023-01-05,2023-01-20,"United States, Canada",ES_1058575_XPN-DSA6550_01162023100212_5299493
3815189,Xitrix Computer Corporation,Xitrix,XPN-DSA6560,XPN-DSA6560,,,Television (TV),Consumer,LCD,Direct-lit LED,65.18,1823.71,2160,3840,4K (UHD),0,"Universal Serial Bus (USB),HDMI",,,,0,,87.12,122.5,87.12,161.35,0.31,0.31,0.29,1.0,2024-11-20,2024-11-27,"United States, Canada",ES_1058575_XPN-DSA6560_11202024160928_3130761
2452883,Xitrix Computer Corporation,Xitrix,XPN-DSA8650,XPN-DSA8650,,,Television (TV),Consumer,LCD,Direct-lit LED,85.6,3137.35,3840,2160,Other,0,"Universal Serial Bus (USB),HDMI",,,,0,,166.52,234.75,166.52,306.05,,0.31,0.31,0.0,2023-03-14,2023-03-30,"United States, Canada",ES_1058575_XPN-DSA8650_03272023164619_7699701
